gu_code,monthly_rent,deposit,build_year,year,month,day,dong,apt_name,area,floor,jibun,contract_type,contract_term,prev_deposit,prev_monthly_rent
11650,100,"40,000",2004,2020,10,24,서초동,신원아침도시(1434),83.102,4,1434-2,,,,
11650,0,"125,000",1988,2020,10,13,서초동,삼풍아파트,163.81,1,1685,,,,
11650,0,"108,000",2005,2020,10,26,서초동,서초2차e-편한세상,94.607,3,1529,,,,
11650,0,"75,000",1979,2020,10,13,잠원동,신반포4,96.48,7,70,,,,
11650,300,"30,000",2020,2020,10,27,서초동,서초센트럴IPARK,80.5154,33,1582-3,,,,
11650,0,"110,000",2017,2020,10,28,서초동,서초푸르지오써밋,59.92,19,1311-10,,,,
11650,0,"70,000",2002,2020,10,8,잠원동,미주파스텔,59.57,7,54,,,,
11650,0,"30,000",2009,2020,10,22,반포동,래미안퍼스티지,84.93,2,18-1,,,,
11650,120,"70,000",2010,2020,10,6,반포동,반포리체,59.993,13,30-26,,,,
11650,0,"35,000",1974,2020,10,31,반포동,에이아이디차관주택,72.51,2,968,,,,
11650,0,"115,000",2002,2020,10,13,잠원동,동아,84.91,10,157,,,,
11650,0,"130,000",2016,2020,10,24,반포동,아크로리버파크,59.98,5,2-12,,,,
11650,0,"121,000",2018,2020,10,22,잠원동,신반포자이,59.93,13,160,,,,
11650,0,"56,700",2014,2020,10,24,신원동,서초포레스타3단지,59.93,6,568,,,,
11650,330,"15,000",2003,2020,10,28,서초동,롯데캐슬쥬피터,164.05,5,1359-50,,,,
11650,0,"78,000",2013,2020,10,18,방배동,롯데캐슬아르떼,59.9742,3,424-28,,,,
11650,0,"69,000",1989,2020,10,25,서초동,현대아파트,84.33,14,1346,,,,
11650,0,"78,000",2013,2020,10,18,우면동,서초네이처힐3단지,84.84,14,717,,,,
11650,72,"32,000",1998,2020,10,30,서초동,우성아파트,59.93,4,1326-17,,,,
11650,0,"88,000",2005,2020,10,31,서초동,서초트라팰리스,81.76,15,1344-13,,,,
11650,0,"95,000",2020,2020,10,9,서초동,서초센트럴IPARK,80.5981,2,1582-3,,,,
11650,0,"69,000",2005,2020,10,17,방배동,방배아트e-편한세상103,74.87,5,484-6,,,,
11650,0,"90,000",2010,2020,10,17,서초동,서초교대e편한세상,59.9,4,1686-9,,,,
11650,0,"29,000",2004,2020,10,24,서초동,풍림아이원플러스,35.903,11,1338-1,,,,
11650,0,"95,000",2003,2020,10,17,서초동,서초래미안,84.95,16,1682,,,,
11650,0,"59,800",2006,2020,10,30,방배동,방배서리풀힐스,84.992,10,915-16,,,,
11650,60,"50,000",2000,2020,10,28,반포동,반포푸르지오,56.16,12,10,,,,
11650,0,"92,400",2018,2020,10,28,반포동,반포래미안아이파크,84.93,16,1341,,,,
11650,0,"25,000",2002,2020,10,28,서초동,서초동삼성쉐르빌2,35.22,8,1330,,,,
11650,0,"47,000",1988,2020,10,26,방배동,방배임광3차,67.47,2,1010-1,,,,
11650,100,"60,000",1993,2020,10,30,서초동,유원서초,84.82,8,1687,,,,
11650,80,"2,000",2003,2020,10,6,서초동,서초이오빌,36.66,6,1593-7,,,,
11650,0,"120,000",2010,2020,10,16,방배동,서리풀e편한세상,84.97,4,906-13,,,,
11650,30,"84,000",2010,2020,10,15,방배동,서리풀e편한세상,59.94,4,906-13,,,,
11650,30,"70,000",2013,2020,10,15,우면동,서초네이처힐3단지,84.84,15,717,,,,
11650,90,"90,000",2009,2020,10,16,반포동,반포자이,59.971,23,20-43,,,,
11650,0,"120,000",2010,2020,10,16,방배동,서리풀e편한세상,84.97,4,906-13,,,,
11650,0,"35,000",2012,2020,10,8,서초동,서초자연인아파트(101동),35.81,4,1344-22,,,,
11650,0,"105,000",2018,2020,10,29,반포동,반포래미안아이파크,84.88,15,1341,,,,
11650,110,"50,000",2005,2020,10,31,방배동,한진로즈힐,97.342,9,3276,,,,
11650,100,"60,000",1993,2020,10,30,서초동,유원서초,84.82,8,1687,,,,
11650,0,"280,000",2016,2020,10,30,반포동,아크로리버파크,129.92,19,2-12,,,,
11650,0,"89,000",2020,2020,10,14,서초동,서초센트럴IPARK,80.5004,21,1582-3,,,,
11650,0,"84,000",2014,2020,10,17,신원동,서초포레스타3단지,84.34,16,568,,,,
11650,0,"85,000",1998,2020,10,14,서초동,우성아파트,84.93,3,1326-17,,,,
11650,0,"90,000",2006,2020,10,23,서초동,서초타운트라팰리스,92.39,14,1327,,,,
11650,181,"20,000",2011,2020,10,16,우면동,서초네이처힐4단지,84.77,5,720,,,,
11650,0,"73,490",2002,2020,10,15,서초동,동원베네스트아파트,84.9,4,1350-13,,,,
11650,0,"105,000",2004,2020,10,20,방배동,방배5차상지리츠빌,136.06,2,797-22,,,,
11650,0,"52,000",1997,2020,10,22,잠원동,신화,57.33,9,54-7,,,,
11650,0,"24,000",2003,2020,10,17,서초동,서초이오빌,36.66,23,1593-7,,,,
11650,0,"110,000",2020,2020,10,18,서초동,래미안 리더스원,59.97,14,1755,,,,
11650,130,"50,000",2020,2020,10,16,서초동,서초센트럴IPARK,80.5154,2,1582-3,,,,
11650,0,"83,700",2003,2020,10,8,서초동,서초래미안,111.32,9,1682,,,,
11650,0,"170,000",2020,2020,10,15,서초동,래미안 리더스원,114.94,19,1755,,,,
11650,0,"97,000",2020,2020,10,14,서초동,서초센트럴IPARK,80.5332,29,1582-3,,,,
11650,0,"140,000",2004,2020,10,14,방배동,동부센트레빌,157.559,7,3275,,,,
11650,0,"30,000",1974,2020,10,10,반포동,에이아이디차관주택,72.51,1,968,,,,
11650,0,"65,000",1988,2020,10,10,서초동,삼풍아파트,79.47,1,1685,,,,
11650,40,"90,000",2018,2020,10,8,반포동,반포써밋,59.9207,5,1342,,,,
11650,0,"33,000",1974,2020,10,8,반포동,에이아이디차관주택,72.51,3,968,,,,
11650,0,"95,000",1987,2020,10,30,반포동,반포미도,84.96,7,60-4,신규,21.01~25.01,,
11650,0,"80,000",2006,2020,10,5,방배동,방배브라운가,124.67,2,930-1,,,,
11650,0,"155,000",2016,2020,10,10,잠원동,래미안신반포팰리스,133.01,12,158,,,,
11650,195,"30,000",2010,2020,10,25,반포동,반포리체,59.993,5,30-26,,,,
11650,0,"240,000",2009,2020,10,14,반포동,래미안퍼스티지,169.31,19,18-1,,,,
11650,175,"10,000",2002,2020,10,29,잠원동,월드메르디앙,84.78,6,33-11,,,,
11650,230,"89,520",2018,2020,10,17,잠원동,신반포자이,114.94,4,160,,,,
11650,0,"26,962",2014,2020,10,23,내곡동,서초더샵포레,59.88,9,411,,,,
11650,13,"79,000",1999,2020,10,16,방배동,방배1차현대홈타운,84.96,7,1344,,,,
11650,0,"25,500",2005,2020,10,31,방배동,방배대우디오빌,29.6,12,866-20,,,,
11650,0,"130,000",2020,2020,10,9,서초동,래미안 리더스원,84.94,14,1755,,,,
11650,0,"69,087",2016,2020,10,26,반포동,아크로리버파크,59.97,4,2-12,,,,
11650,20,"120,000",1988,2020,10,17,서초동,삼풍아파트,165.92,9,1685,,,,
11650,0,"110,000",2006,2020,10,28,서초동,더샵서초,152.95,5,1445-14,,,,
11650,101,"70,000",1999,2020,10,28,방배동,방배1차현대홈타운,134.76,13,1344,,,,
11650,0,"69,000",2001,2020,10,14,반포동,테마하우스,137.38,5,95-1,,21.07~22.10,,
11650,50,"72,000",1998,2020,10,10,서초동,우성아파트,84.93,21,1326-17,,20.10~22.10,,
11650,180,"4,000",1978,2020,10,14,서초동,신동아아파트(1차),132.1,9,1333,,20.11~22.11,,
11650,0,"63,854",2009,2020,10,15,반포동,반포자이,59.98,9,20-43,,20.10~22.10,,
11650,0,"110,000",2003,2020,10,22,방배동,방배대우멤버스카운티201,100.38,4,809-26,,20.12~22.12,,
11650,0,"110,250",2018,2020,10,26,잠원동,신반포자이,84.97,5,160,,,,
11650,100,"13,000",2003,2020,10,22,서초동,래미안서초유니빌,49.745,8,1445-4,,,,
11650,70,"12,000",2002,2020,10,22,양재동,신영체르니,35.91,8,90,,,,
11650,0,"100,000",2020,2020,10,6,서초동,래미안 리더스원,84.94,19,1755,신규,20.12~22.12,,
11650,270,"55,000",2006,2020,10,9,서초동,더샵서초,136.02,16,1445-14,신규,20.11~22.11,,
11650,0,"62,219",2016,2020,10,22,잠원동,래미안신반포팰리스,59.99,8,158,,,,
11650,110,"130,000",2009,2020,10,24,반포동,래미안퍼스티지,84.76,6,18-1,,,,
11650,0,"100,000",2003,2020,10,29,방배동,방배대우멤버스카운티(809-17),109.73,1,809-17,,,,
11650,270,"10,000",2005,2020,10,28,방배동,방배래미안타워,134.96,15,485-3,,,,
11650,19,"3,172",2015,2020,10,28,신원동,서초 선포레,20.52,4,605,,,,
11650,0,"32,766",2014,2020,10,23,내곡동,서초더샵포레,84.36,2,411,,,,
11650,235,"70,000",2009,2020,10,22,반포동,래미안퍼스티지,84.93,18,18-1,,,,
11650,0,"134,000",2016,2020,10,24,반포동,아크로리버파크,59.97,3,2-12,,,,
11650,0,"75,000",2006,2020,10,10,방배동,방배브라운가,124.67,11,930-1,,,,
11650,0,"45,000",1994,2020,10,31,우면동,코오롱,52.47,1,70,,,,
11650,0,"95,000",2005,2020,10,24,서초동,서초트라팰리스,107.69,8,1344-13,,,,
11650,120,"50,000",1988,2020,10,24,서초동,삼풍아파트,79.47,4,1685,,,,
11650,0,"155,000",2004,2020,10,24,서초동,아크로비스타,149.17,4,1685-3,,,,
11650,130,"80,000",2005,2020,10,31,서초동,서초3차e편한세상,158.24,8,1467-37,,,,
11650,195,"20,000",2011,2020,10,27,우면동,서초네이처힐4단지,84.61,6,720,,,,
11650,0,"142,000",2016,2020,10,17,잠원동,래미안신반포팰리스,84.49,27,158,,,,
11650,0,"95,000",2001,2020,10,16,방배동,덕산홈타운,136.83,1,473-14,,,,
11650,0,"60,000",2013,2020,10,20,우면동,호반써밋서초파크,51.89,6,788,,,,
11650,0,"185,000",2016,2020,10,28,반포동,아크로리버파크,84.95,11,2-12,,,,
11650,0,"210,000",2018,2020,10,26,반포동,반포래미안아이파크,112.95,22,1341,,,,
11650,220,"20,000",2010,2020,10,11,서초동,서초교대e편한세상,59.9,11,1686-9,,,,
11650,230,"60,000",2018,2020,10,31,서초동,래미안서초에스티지S,84.8,12,1754,,,,
11650,0,"37,000",2002,2020,10,16,잠원동,동아,59.8,1,157,,,,
11650,0,"115,000",2018,2020,10,19,반포동,반포래미안아이파크,59.95,3,1341,,,,
11650,270,"20,000",2006,2020,10,31,방배동,방배아이파크,84.32,9,3277,,,,
11650,0,"85,000",2006,2020,10,31,방배동,디오수페리움2,84.94,9,3001-1,,,,
11650,0,"110,000",2017,2020,10,28,서초동,서초푸르지오써밋,59.92,19,1311-10,,,,
11650,220,"50,000",2003,2020,10,24,서초동,서초래미안,111.32,18,1682,,,,
11650,50,"50,000",1975,2020,10,29,방배동,삼호1동~3동,116.96,1,770-1,,,,
11650,188,"5,000",2013,2020,10,16,우면동,호반써밋서초파크,84.97,15,788,,,,
11650,125,"70,000",2005,2020,10,18,반포동,덕동반포빌라트,139.82,2,79-1,,,,
11650,0,"95,000",1987,2020,10,23,반포동,반포미도,84.96,6,60-4,,,,
11650,50,"52,000",1991,2020,10,31,방배동,방배우성,80.2,10,2525,,,,
11650,0,"165,000",2009,2020,10,29,반포동,래미안퍼스티지,84.93,12,18-1,,,,
11650,140,"50,000",1988,2020,10,31,서초동,삼풍아파트,79.47,6,1685,,,,
11650,0,"95,000",1987,2020,10,30,반포동,반포미도,84.96,7,60-4,,,,
11650,0,"26,962",2014,2020,10,30,내곡동,서초더샵포레,59.88,9,411,,,,
11650,0,"120,000",2019,2020,10,21,방배동,방배 서리풀 그랑블,84.9969,7,3279,신규,21.01~23.01,,
11650,0,"110,000",2018,2020,10,22,방배동,방배아트자이,84.9383,8,3278,,,,
11650,0,"105,000",2020,2020,10,29,서초동,서초센트럴IPARK,80.5154,30,1582-3,,,,
11650,0,"95,000",2013,2020,10,17,우면동,서초네이처힐6단지,114.98,16,737,,,,
11650,0,"200,000",2006,2020,10,27,방배동,방배3차e-편한세상,198.5315,14,797-30,,,,
11650,150,"100,000",2018,2020,10,22,반포동,반포써밋,84.9716,9,1342,,,,
11650,90,"70,000",2003,2020,10,14,서초동,서초래미안,84.97,12,1682,신규,21.01~23.01,,
11650,0,"90,000",1973,2020,10,27,반포동,반포주공1단지,140.13,5,757,,,,
11650,0,"290,000",2016,2020,10,6,반포동,아크로리버파크,129.92,37,2-12,,,,
11650,0,"47,000",1973,2020,10,24,반포동,반포주공1단지,104.89,3,757,,,,
11650,0,"155,000",2009,2020,10,14,반포동,반포자이,84.943,26,20-43,,,,
11650,0,"200,000",2016,2020,10,30,서초동,래미안서초에스티지,139.99,20,1332-13,,,,
11650,0,"40,000",1994,2020,10,26,우면동,코오롱,52.47,2,70,,,,
11650,0,"140,000",2016,2020,10,24,반포동,아크로리버파크,59.98,14,2-12,,,,
11650,0,"63,000",1979,2020,10,25,서초동,신동아아파트(2차),144.41,9,1334-1,,,,
11650,420,"20,000",2009,2020,10,24,반포동,반포자이,84.998,7,20-43,,,,
11650,0,"107,000",2002,2020,10,26,잠원동,동아,84.91,3,157,,,,
11650,0,"65,000",1973,2020,10,26,반포동,반포주공1단지,106.49,2,757,,,,
11650,190,"10,000",2004,2020,10,20,서초동,신원아침도시(1434),83.102,2,1434-2,,,,
11650,0,"310,000",2009,2020,10,24,반포동,래미안퍼스티지,222.76,18,18-1,,,,
11650,0,"52,500",1992,2020,10,4,양재동,뉴현대,76.7,7,292,,,,
11650,0,"100,000",2002,2020,10,27,서초동,현대이에스에이아파트,163.95,6,1338,,,,
11650,90,"70,000",1993,2020,10,24,서초동,유원서초,84.87,7,1687,,,,
11650,100,"54,000",2010,2020,10,30,반포동,반포리체,59.994,21,30-26,,,,
11650,330,"40,000",2018,2020,10,10,반포동,반포래미안아이파크,84.88,12,1341,,,,
11650,580,"80,000",2010,2020,10,24,반포동,반포리체,138.257,28,30-26,,,,
11650,460,"40,000",2009,2020,10,25,반포동,래미안퍼스티지,117.12,11,18-1,,,,
11650,0,"180,000",2007,2020,10,27,방배동,베로니스5차,178.71,1,1-39,,,,
11650,0,"129,000",2018,2020,10,24,서초동,래미안서초에스티지S,84.8,11,1754,,,,
11650,180,"50,000",2020,2020,10,24,서초동,서초센트럴IPARK,80.5981,10,1582-3,,,,
11650,0,"120,000",2016,2020,10,29,서초동,래미안서초에스티지,83.6,12,1332-13,,,,
11650,40,"32,400",1995,2020,10,24,우면동,동고,77.14,4,59,,,,
11650,235,"55,000",2009,2020,10,31,반포동,래미안퍼스티지,59.96,16,18-1,,,,
11650,0,"136,500",2009,2020,10,17,반포동,반포자이,84.943,22,20-43,,,,
11650,0,"88,000",1988,2020,10,24,서초동,삼풍아파트,79.47,9,1685,,,,
11650,170,"120,000",2009,2020,10,29,반포동,반포자이,84.982,6,20-43,,,,
11650,345,"10,000",2009,2020,10,29,반포동,래미안퍼스티지,59.98,6,18-1,,,,
11650,0,"115,000",1992,2020,10,19,잠원동,한신,84.52,9,56-3,,,,
11650,0,"150,000",2009,2020,10,22,반포동,반포자이,84.982,24,20-43,,,,
11650,0,"140,000",2010,2020,10,21,반포동,반포리체,84.967,6,30-26,,,,
11650,84,"31,500",1991,2020,10,24,양재동,우성,84.58,12,154-2,,,,
11650,150,"70,000",2001,2020,10,31,서초동,서초삼성래미안,121.66,9,1641-1,,,,
11650,70,"70,000",1993,2020,10,15,서초동,유원서초,84.82,7,1687,,,,
11650,165,"32,000",2010,2020,10,18,반포동,반포리체,59.993,34,30-26,,,,
11650,0,"35,000",1974,2020,10,21,반포동,에이아이디차관주택,72.51,3,968,,,,
11650,360,"50,000",2004,2020,10,26,서초동,아크로비스타,138.96,4,1685-3,,,,
11650,0,"140,000",2018,2020,10,19,잠원동,신반포자이,84.97,23,160,,,,
11650,150,"90,000",2003,2020,10,21,서초동,서초래미안,126.31,2,1682,,,,
11650,165,"45,000",1992,2020,10,20,잠원동,한신,84.52,1,56-3,,,,
11650,0,"113,000",2002,2020,10,20,잠원동,금호베스트빌,84.97,14,58,,,,
11650,0,"100,000",2013,2020,10,30,방배동,롯데캐슬아르떼,59.9742,13,424-28,,,,
11650,0,"80,850",2006,2020,10,24,서초동,롯데캐슬클래식,74.3,14,1312-3,,,,
11650,0,"250,000",2016,2020,10,26,반포동,아크로리버파크,112.96,16,2-12,,,,
11650,0,"130,000",1988,2020,10,22,서초동,삼풍아파트,165.92,6,1685,,,,
11650,0,"169,000",2018,2020,10,10,반포동,반포래미안아이파크,99.92,20,1341,,,,
11650,200,"60,000",2003,2020,10,24,서초동,서초래미안,111.32,7,1682,,,,
11650,67,"40,000",2002,2020,10,6,잠원동,동아,59.8,6,157,,,,
11650,0,"95,000",2013,2020,10,22,우면동,서초네이처힐6단지,114.95,14,737,,,,
11650,60,"99,000",2018,2020,10,31,반포동,반포써밋,59.9207,27,1342,,,,
11650,0,"250,000",2016,2020,10,26,반포동,아크로리버파크,112.98,30,2-12,,,,
11650,0,"70,350",1987,2020,10,24,잠원동,강변,84.53,9,53-15,,,,
11650,0,"130,000",2016,2020,10,24,반포동,아크로리버파크,59.98,4,2-12,,,,
11650,0,"140,000",2006,2020,10,30,방배동,방배아이파크,125.58,3,3277,,,,
11650,0,"135,000",2020,2020,10,25,서초동,래미안 리더스원,84.93,5,1755,,,,
11650,0,"110,000",2020,2020,10,17,서초동,래미안 리더스원,59.96,27,1755,,,,
11650,0,"175,000",2020,2020,10,25,서초동,래미안 리더스원,114.94,34,1755,,,,
11650,240,"5,000",1978,2020,10,24,잠원동,신반포2,107.31,3,73,,,,
11650,0,"26,000",2002,2020,10,23,서초동,서초동삼성쉐르빌2,35.22,10,1330,,,,
11650,0,"160,000",2005,2020,10,17,반포동,APELBAUM,180.93,3,82-7,,,,
11650,0,"42,000",2001,2020,10,31,서초동,밀라텔쉐르빌,46.28,8,1316-31,,,,
11650,0,"35,000",2003,2020,10,29,서초동,대림서초리시온,49.92,5,1671-5,,,,
11650,80,"70,000",1999,2020,10,10,방배동,방배1차현대홈타운,84.96,18,1344,,,,
11650,0,"85,000",2014,2020,10,26,내곡동,서초더샵포레,84.81,15,411,,,,
11650,0,"73,500",1983,2020,10,31,잠원동,신반포22,117.16,12,65-33,,,,
11650,0,"230,000",2020,2020,10,29,서초동,래미안 리더스원,135.83,16,1755,,,,
11650,0,"115,000",2014,2020,10,29,서초동,서초롯데캐슬프레지던트,84.97,6,1681-8,,,,
11650,245,"100,000",2020,2020,10,30,서초동,래미안 리더스원,114.94,25,1755,,,,
11650,0,"75,000",1996,2020,10,17,잠원동,한신타워,59.81,6,71-11,,,,
11650,120,"55,000",2003,2020,10,21,서초동,서초래미안,84.95,11,1682,,,,
11650,0,"160,000",2005,2020,10,6,서초동,더샾오데움(103동),171.036,6,1476-18,,,,
11650,0,"58,000",2013,2020,10,11,우면동,호반써밋서초파크,51.89,9,788,,,,
11650,0,"75,000",1987,2020,10,16,반포동,반포미도,84.96,3,60-4,,,,
11650,0,"120,000",2006,2020,10,19,서초동,서초8차상지리츠빌,141.12,5,1491-3,,,,
11650,0,"95,000",2013,2020,10,24,우면동,서초네이처힐3단지,114.79,12,717,,,,
11650,0,"20,000",2014,2020,10,6,내곡동,서초더샵포레,114.68,11,411,,,,
11650,140,"20,000",1999,2020,10,24,방배동,방배1차현대홈타운,59.94,16,1344,,,,
11650,0,"190,000",2010,2020,10,30,반포동,반포리체,138.257,34,30-26,,,,
11650,150,"100,000",2020,2020,10,23,서초동,래미안 리더스원,84.97,16,1755,,,,
11650,80,"86,000",2013,2020,10,14,방배동,롯데캐슬아르떼,84.9145,4,424-28,,,,
11650,0,"190,000",2020,2020,10,31,잠원동,반포센트럴자이,98.9869,3,162,,,,
11650,0,"80,000",1998,2020,10,28,방배동,삼호한숲,84.87,8,1030-1,,,,
11650,0,"100,000",2004,2020,10,21,서초동,상지리츠빌(4),138.54,5,1490-36,,,,
11650,0,"240,000",2009,2020,10,7,반포동,래미안퍼스티지,135.92,29,18-1,,,,
11650,88,"20,000",1975,2020,10,27,방배동,삼호1동~3동,116.13,7,770-1,,,,
11650,0,"84,000",2012,2020,10,24,우면동,서초힐스,84.96,12,773,,,,
11650,0,"37,000",2001,2020,10,21,양재동,새티스(402-10),56.34,6,402-10,,,,
11650,185,"15,000",2012,2020,10,21,우면동,서초힐스,74.97,16,773,,,,
11650,0,"74,000",2004,2020,10,24,방배동,태림,102.8,6,912-13,,,,
11650,0,"80,000",1983,2020,10,10,잠원동,신반포22,117.15,4,65-33,,,,
11650,0,"95,000",2014,2020,10,17,신원동,서초포레스타5단지,84.41,14,579,,,,
11650,210,"50,000",2010,2020,10,31,서초동,서초교대e편한세상,84.97,11,1686-9,,,,
11650,0,"60,900",1998,2020,10,16,서초동,우성아파트,59.93,11,1326-17,,,,
11650,175,"40,000",2020,2020,10,13,서초동,서초센트럴IPARK,80.5154,9,1582-3,,,,
11650,210,"20,000",1987,2020,10,27,반포동,반포미도,84.96,11,60-4,,,,
11650,0,"36,200",2003,2020,10,12,서초동,대림서초리시온,49.92,8,1671-5,,,,
11650,60,"30,000",1994,2020,10,24,우면동,한라,59.98,2,67,,,,
11650,284,"10,500",2016,2020,10,17,반포동,아크로리버파크,59.97,19,2-12,,,,
11650,242,"10,000",2010,2020,10,17,반포동,반포리체,59.993,14,30-26,,,,
11650,0,"65,000",1995,2020,10,23,우면동,동고,77.14,13,59,,,,
11650,110,"130,000",2009,2020,10,24,반포동,래미안퍼스티지,84.76,6,18-1,,,,
11650,160,"60,000",2018,2020,10,15,반포동,반포써밋,84.6849,29,1342,,,,
11650,42,"71,400",2010,2020,10,29,반포동,반포리체,59.993,29,30-26,,,,
11650,0,"175,000",2018,2020,10,24,반포동,반포래미안아이파크,99.92,21,1341,,,,
11650,0,"50,000",2005,2020,10,17,양재동,양재한신휴플러스,84.89,11,12-10,,,,
11650,0,"150,000",1988,2020,10,5,서초동,삼풍아파트,165.92,14,1685,,,,
11650,0,"150,000",2018,2020,10,9,잠원동,신반포자이,84.97,25,160,,,,
11650,70,"20,000",1974,2020,10,16,반포동,에이아이디차관주택,72.51,3,968,,,,
11650,0,"84,000",1992,2020,10,9,잠원동,한신로얄,81.23,3,63-34,,,,
11650,600,"20,000",2009,2020,10,12,반포동,반포자이,165.052,24,20-43,,,,
11650,250,"15,000",1999,2020,10,13,방배동,방배1차현대홈타운,84.96,3,1344,,,,
11650,110,"55,000",2014,2020,10,16,신원동,힐스테이트서초젠트리스,84.95,2,557,신규,20.12~22.12,,
11650,550,"10,000",2018,2020,10,22,반포동,반포래미안아이파크,99.92,27,1341,,,,
11650,0,"110,000",2002,2020,10,14,잠원동,동아,84.91,10,157,,,,
11650,270,"5,000",2006,2020,10,21,서초동,롯데캐슬클래식,74.3,12,1312-3,,,,
11650,100,"55,000",2004,2020,10,22,서초동,대성유니드,84.991,3,1641-3,,,,
11650,0,"70,000",2012,2020,10,30,우면동,서초힐스,59.97,17,773,,,,
11650,150,"50,000",2005,2020,10,19,방배동,브라운스톤방배,84.96,8,899-16,,,,
11650,0,"87,000",1988,2020,10,17,서초동,삼풍아파트,79.47,2,1685,,,,
11650,0,"75,000",1997,2020,10,24,서초동,서초한일,84.98,5,1636-1,,,,
11650,0,"145,000",2016,2020,10,10,서초동,래미안서초에스티지,101.55,6,1332-13,,,,
11650,160,"120,000",2018,2020,10,9,반포동,반포써밋,110.2586,9,1342,,,,
11650,0,"135,000",2020,2020,10,9,서초동,래미안 리더스원,84.94,7,1755,,,,
11650,160,"3,000",2005,2020,10,28,서초동,서초동대우디오빌프라임,44.5,10,1337-22,,,,
11650,0,"69,000",2005,2020,10,17,방배동,방배아트e-편한세상103,74.87,5,484-6,,,,
11650,0,"68,250",1979,2020,10,10,잠원동,신반포4,100.11,12,70,,,,
11650,160,"10,000",1979,2020,10,27,서초동,신동아아파트(2차),144.41,8,1334-1,,,,
11650,0,"35,700",2018,2020,10,21,서초동,헤센파크힐,21.19,2,1633-4,,,,
11650,80,"70,000",2013,2020,10,15,우면동,서초호반써밋,101.0109,18,753,,,,
11650,0,"199,500",2009,2020,10,31,반포동,반포자이,132.179,3,20-43,,,,
11650,0,"73,000",1993,2020,10,14,서초동,유원서초,84.82,10,1687,,,,
11650,0,"30,000",1988,2020,10,9,방배동,방배임광3차,44.61,9,1010-1,,,,
11650,0,"80,000",1998,2020,10,12,방배동,삼호한숲,84.87,3,1030-1,,,,
11650,165,"10,000",2009,2020,10,13,반포동,반포자이,84.943,2,20-43,,,,
11650,0,"87,000",1993,2020,10,15,서초동,유원서초,84.87,11,1687,,,,
11650,0,"57,750",1978,2020,10,28,잠원동,신반포2,93.71,11,73,,,,
11650,0,"170,000",2010,2020,10,30,반포동,반포리체,106.148,23,30-26,,,,
11650,0,"140,000",2004,2020,10,29,방배동,상지리츠빌3차,164.73,2,843-15,,,,
11650,0,"260,000",2009,2020,10,14,반포동,래미안퍼스티지,198.22,17,18-1,,,,
11650,0,"119,000",2018,2020,10,31,반포동,반포써밋,59.9207,27,1342,,,,
11650,0,"115,000",1979,2020,10,23,잠원동,신반포4,137.1,12,70,,,,
11650,430,"10,000",2009,2020,10,8,반포동,반포자이,84.943,3,20-43,,,,
11650,200,"70,000",2006,2020,10,17,서초동,롯데캐슬클래식,120.18,20,1312-3,,,,
11650,50,"140,000",1999,2020,10,17,방배동,멤피스빌,244.47,5,800-9,,,,
11650,350,"30,000",2004,2020,10,24,방배동,방배동동양파라곤,185.81,4,992-8,,,,
11650,0,"68,250",1988,2020,10,24,서초동,삼풍아파트,79.47,5,1685,,,,
11650,220,"20,000",2010,2020,10,20,서초동,서초교대e편한세상,59.9,11,1686-9,,,,
11650,0,"140,000",2018,2020,10,26,잠원동,신반포자이,84.97,8,160,,,,
11650,110,"3,000",1974,2020,10,27,반포동,에이아이디차관주택,72.51,4,968,,,,
11650,0,"138,000",2020,2020,10,24,서초동,래미안 리더스원,84.94,29,1755,,,,
11650,0,"89,000",1988,2020,10,24,서초동,삼풍아파트,79.47,1,1685,,,,
11650,180,"10,000",2013,2020,10,16,우면동,호반써밋서초파크,84.97,15,788,,,,
11650,460,"30,000",2016,2020,10,28,반포동,아크로리버파크,84.95,19,2-12,,,,
11650,35,"95,000",2004,2020,10,27,방배동,래미안방배아트힐(1008-2),127.31,3,1008-2,,,,
11650,145,"30,000",1992,2020,10,15,방배동,대우(효령),84.91,4,1038,,,,
11650,0,"85,000",1993,2020,10,31,서초동,유원서초,84.87,6,1687,,,,
11650,0,"90,000",2006,2020,10,28,서초동,경남아너스빌,117.92,10,1608-28,,,,
11650,0,"145,000",2016,2020,10,12,잠원동,래미안신반포팰리스,84.46,5,158,,,,
11650,350,"50,000",2018,2020,10,9,잠원동,신반포자이,84.92,25,160,,,,
11650,220,"90,000",2009,2020,10,9,반포동,래미안퍼스티지,84.93,26,18-1,,,,
11650,210,"110,000",2016,2020,10,15,반포동,아크로리버파크,84.99,14,2-12,,,,
11650,0,"98,000",2020,2020,10,30,서초동,서초센트럴IPARK,80.5332,20,1582-3,,,,
11650,0,"172,000",2009,2020,10,18,반포동,래미안퍼스티지,84.93,6,18-1,신규,20.12~22.12,,
11650,0,"49,000",1975,2020,10,31,방배동,삼호1동~3동,80.33,6,770-1,,,,
11650,0,"100,000",2006,2020,10,15,서초동,서초타운트라팰리스,127.3,10,1327,,,,
11650,0,"80,000",1998,2020,10,16,서초동,우성아파트,76.67,14,1326-17,,,,
11650,100,"85,000",2004,2020,10,8,서초동,서초1차e-편한세상,130.53,6,1487-63,,,,
11650,0,"52,500",1978,2020,10,14,잠원동,신반포2,79.42,8,73,,,,
11650,0,"130,000",2003,2020,10,17,서초동,서초래미안,111.32,25,1682,,,,
11650,230,"60,000",1988,2020,10,31,서초동,삼풍아파트,130.73,6,1685,,,,
11650,0,"42,000",2001,2020,10,14,잠원동,대우아이빌,35.38,1,42-13,,,,
11650,0,"70,000",1979,2020,10,24,서초동,진흥아파트,101.32,2,1315,,,,
11650,0,"80,000",2006,2020,10,16,서초동,서초타운트라팰리스,103.56,11,1327,,,,
11650,0,"135,000",2003,2020,10,6,서초동,롯데캐슬쥬피터,172.33,7,1359-50,,,,
11650,0,"50,000",1988,2020,10,17,방배동,방배임광3차,79.8,9,1010-1,,,,
11650,0,"32,000",1974,2020,10,19,반포동,에이아이디차관주택,72.51,1,968,,,,
11650,0,"50,000",2013,2020,10,31,우면동,호반써밋서초파크뷰,59.93,9,789,,,,
11650,140,"18,000",2003,2020,10,31,방배동,삼성래미안1,59.9,5,2626,,,,
11650,0,"160,000",2018,2020,10,23,잠원동,신반포자이,84.98,4,160,,,,
11650,0,"69,300",1993,2020,10,31,잠원동,현대,84.87,5,53,,,,
11650,250,"20,000",1979,2020,10,28,잠원동,신반포4,105.89,6,70,,,,
11650,0,"100,000",1996,2020,10,24,잠원동,한신타워,84.93,13,71-11,,,,
11650,35,"28,000",1994,2020,10,24,우면동,코오롱,52.47,2,70,,,,
11650,140,"40,000",1978,2020,10,7,잠원동,신반포2,107.31,10,73,,,,
11650,110,"3,000",1974,2020,10,22,반포동,에이아이디차관주택,72.51,4,968,,,,
11650,0,"57,750",1973,2020,10,10,반포동,반포주공1단지,106.26,2,757,,,,
11650,0,"89,250",2003,2020,10,17,서초동,서초래미안,84.95,9,1682,,,,
11650,100,"90,000",2018,2020,10,15,서초동,래미안서초에스티지S,84.8,7,1754,,,,
11650,0,"117,000",2014,2020,10,17,서초동,서초롯데캐슬프레지던트,84.97,18,1681-8,,,,
11650,440,"20,000",2004,2020,10,19,서초동,아크로비스타,138.96,19,1685-3,,,,
11650,0,"60,000",1985,2020,10,17,방배동,임광,84.78,1,1015,,,,
11650,0,"135,000",2020,2020,10,17,서초동,래미안 리더스원,84.94,24,1755,,,,
11650,120,"50,000",2004,2020,10,15,서초동,풍림아이원(101동),117.13,1,1607-6,,,,
11650,350,"10,000",2018,2020,10,31,서초동,래미안서초에스티지S,84.8,8,1754,,,,
11650,120,"40,000",2004,2020,10,30,서초동,대성유니드,84.991,9,1641-3,,,,
11650,230,"80,000",2000,2020,10,20,서초동,삼성서초가든스위트,176.24,13,1326,,,,
11650,120,"30,000",2013,2020,10,23,우면동,호반써밋서초파크,84.95,17,788,,,,
11650,0,"62,000",2013,2020,10,27,우면동,호반써밋서초파크,59.93,1,788,,,,
11650,30,"29,000",1983,2020,10,13,잠원동,신반포16,52.26,3,55-12,,,,
11650,0,"180,000",2017,2020,10,22,서초동,서초푸르지오써밋,120.86,10,1311-10,,,,
11650,0,"78,000",1973,2020,10,20,반포동,반포주공1단지,106.26,5,757,,,,
11650,0,"130,000",1994,2020,10,17,서초동,현대빌라트,164.83,4,1495-1,,,,
11650,300,"70,000",2009,2020,10,26,반포동,반포자이,84.998,2,20-43,,,,
11650,220,"10,000",1998,2020,10,10,서초동,우성아파트,76.67,15,1326-17,,,,
11650,40,"84,960",2014,2020,10,19,신원동,힐스테이트서초젠트리스,101.9,7,557,,,,
11650,0,"60,000",1978,2020,10,10,잠원동,신반포2,68.91,7,73,,,,
11650,150,"34,000",1987,2020,10,25,반포동,반포미도,84.96,6,60-4,,,,
11650,330,"30,000",2016,2020,10,17,서초동,래미안서초에스티지,101.55,28,1332-13,,,,
11650,0,"105,000",2002,2020,10,25,잠원동,동아,84.91,11,157,,,,
11650,0,"140,000",2018,2020,10,8,반포동,반포래미안아이파크,84.93,12,1341,,,,
11650,130,"2,000",2006,2020,10,21,서초동,서초쌍용플래티넘,55.59,14,1445-13,,,,
11650,180,"90,000",2018,2020,10,20,반포동,반포써밋,84.9716,25,1342,,,,
11650,260,"30,000",2003,2020,10,21,서초동,서초래미안,96.87,15,1682,,,,
11650,130,"3,000",1994,2020,10,20,우면동,코오롱,52.47,4,70,,,,
11650,0,"75,000",2002,2020,10,16,잠원동,동아,59.92,20,157,,,,
11650,0,"101,850",2009,2020,10,7,반포동,반포자이,84.943,24,20-43,갱신,20.11~22.11,"97,000",
11650,250,"50,000",2010,2020,10,10,반포동,반포리체,84.967,9,30-26,,,,
11650,210,"10,000",2005,2020,10,17,서초동,신원아침도시(1420),84.34,9,1420-18,,,,
11650,0,"95,000",2020,2020,10,17,서초동,서초센트럴IPARK,80.5154,25,1582-3,,,,
11650,0,"140,000",2018,2020,10,8,반포동,반포래미안아이파크,84.93,12,1341,,,,
11650,0,"80,000",2006,2020,10,8,방배동,롯데캐슬헤론,95.66,3,754-1,,,,
11650,0,"27,800",2003,2020,10,13,서초동,서초이오빌,45.96,3,1593-7,,,,
11650,90,"3,000",2002,2020,10,27,서초동,현대이에스에이아파트,163.95,5,1338,,,,
11650,67,"40,000",1988,2020,10,21,서초동,삼풍아파트,79.47,8,1685,,,,
11650,0,"85,000",1999,2020,10,13,서초동,서초한빛삼성,99.06,13,1509-1,,,,
11650,90,"40,000",1978,2020,10,20,잠원동,신반포2,79.42,6,73,,,,
11650,0,"130,000",2004,2020,10,16,방배동,방배3차현대홈타운,120.915,6,2233,,,,
11650,0,"150,000",2013,2020,10,30,방배동,롯데캐슬아르떼,84.9145,3,424-28,,,,
11650,90,"60,000",2005,2020,10,27,서초동,서초대성유니드,107.84,2,1487-121,,,,
11650,200,"10,000",2005,2020,10,31,서초동,두산위브(1362),78.63,12,1362,,,,
11650,165,"55,000",2010,2020,10,28,반포동,반포리체,84.967,31,30-26,,,,
11650,0,"180,000",2017,2020,10,24,서초동,서초푸르지오써밋,120.86,10,1311-10,,,,
11650,0,"110,000",2010,2020,10,23,반포동,반포리체,59.993,16,30-26,,,,
11650,0,"65,000",2013,2020,10,11,우면동,호반써밋서초파크,59.93,13,788,신규,20.12~22.12,,
11650,40,"50,000",1989,2020,10,19,서초동,현대아파트,84.34,5,1346,,,,
11650,0,"85,000",1993,2020,10,31,서초동,유원서초,84.87,6,1687,,,,
11650,100,"3,000",1978,2020,10,26,서초동,신동아아파트(1차),75.86,12,1333,,,,
11650,60,"30,000",2003,2020,10,16,방배동,예림,67.56,2,432-10,,,,
11650,0,"75,000",2020,2020,10,30,서초동,비버리캐슬,59.49,3,1486-17,,,,
11650,160,"85,000",2010,2020,10,10,반포동,반포리체,84.967,7,30-26,,,,
11650,0,"89,000",2020,2020,10,19,서초동,서초센트럴IPARK,80.5332,11,1582-3,,,,
11650,0,"70,000",1984,2020,10,6,반포동,궁전,117.5,10,65-1,,,,
11650,170,"50,000",2016,2020,10,28,서초동,래미안서초에스티지,59.99,17,1332-13,,,,
11650,0,"90,000",1988,2020,10,31,서초동,삼풍아파트,79.47,5,1685,,,,
11650,190,"70,000",2018,2020,10,17,서초동,래미안서초에스티지S,84.8,6,1754,,,,
11650,0,"68,250",1993,2020,10,10,서초동,유원서초,84.87,11,1687,,,,
11650,0,"110,000",2005,2020,10,18,방배동,방배래미안타워,134.36,8,485-3,,,,
11650,0,"24,500",2002,2020,10,19,서초동,서초동삼성쉐르빌2,35.22,5,1330,,,,
11650,0,"100,000",2002,2020,10,15,서초동,현대이에스에이아파트,163.95,7,1338,,,,
11650,0,"135,000",2020,2020,10,17,서초동,래미안 리더스원,84.94,17,1755,,,,
11650,0,"35,175",2018,2020,10,26,서초동,헤센파크힐,18.34,3,1633-4,,,,
11650,150,"100,000",2020,2020,10,24,서초동,래미안 리더스원,84.93,7,1755,,,,
11650,250,"50,000",2009,2020,10,24,반포동,래미안퍼스티지,59.96,14,18-1,,,,
11650,400,"150,000",2009,2020,10,21,방배동,방배롯데캐슬로제,198.16,9,849-30,,,,
11650,0,"78,000",2018,2020,10,16,방배동,방배아트자이,59.9938,12,3278,,,,
11650,127,"5,000",2001,2020,10,13,서초동,밀라텔쉐르빌,50.28,7,1316-31,,,,
11650,0,"140,000",2018,2020,10,21,반포동,반포써밋,84.6849,22,1342,,,,
11650,150,"80,000",2003,2020,10,13,서초동,서초래미안,111.32,14,1682,,,,
11650,30,"100,000",2010,2020,10,23,반포동,반포리체,59.993,16,30-26,,,,
11650,320,"20,000",1999,2020,10,20,서초동,서초한빛삼성,110.59,17,1509-1,,,,
11650,350,"20,000",2018,2020,10,30,서초동,래미안서초에스티지S,84.8,9,1754,,,,
11650,0,"79,000",1993,2020,10,17,서초동,유원서초,84.82,2,1687,,,,
11650,0,"187,000",2020,2020,10,31,서초동,래미안 리더스원,114.94,12,1755,,,,
11650,0,"71,660",2008,2020,10,29,잠원동,데뜨아르,84.94,10,67-1,,,,
11650,20,"55,000",2004,2020,10,15,방배동,파라다이스(477-7),84.91,5,477-7,,,,
11650,100,"20,000",2010,2020,10,13,방배동,서리풀e편한세상,59.94,6,906-13,,,,
11650,60,"10,000",2003,2020,10,31,서초동,래미안서초유니빌,35.383,16,1445-4,,,,
11650,0,"90,000",2020,2020,10,15,서초동,서초센트럴IPARK,80.5154,7,1582-3,,,,
11650,0,"200,000",2018,2020,10,31,서초동,래미안서초에스티지S,134.27,6,1754,,,,
11650,110,"1,000",2002,2020,10,14,양재동,신영체르니,35.91,4,90,,,,
11650,0,"76,650",2018,2020,10,27,방배동,방배아트자이,59.9938,3,3278,갱신,20.12~22.12,"73,000",
11650,150,"60,000",1978,2020,10,16,잠원동,신반포2,135.97,1,73,,,,
11650,0,"92,000",2000,2020,10,30,서초동,서초4현대,84.96,15,1684,,,,
11650,0,"95,000",2020,2020,10,22,서초동,서초센트럴IPARK,80.5154,26,1582-3,,,,
11650,250,"60,000",2010,2020,10,16,반포동,반포리체,84.967,12,30-26,,,,
11650,0,"55,650",1989,2020,10,17,잠원동,한강,84.53,1,49-8,,,,
11650,0,"105,000",2020,2020,10,11,서초동,서초센트럴IPARK,80.5154,22,1582-3,,,,
11650,0,"83,000",2012,2020,10,27,우면동,서초네이처힐2단지,84.73,3,712,,,,
11650,20,"63,400",1988,2020,10,28,서초동,삼풍아파트,79.47,9,1685,,,,
11650,0,"320,000",2009,2020,10,9,반포동,래미안퍼스티지,222.15,9,18-1,,,,
11650,0,"99,500",2006,2020,10,31,방배동,롯데캐슬헤론,103.7,18,754-1,,,,
11650,0,"100,000",1975,2020,10,19,잠원동,새서울맨션,148.3,2,19-4,,,,
11650,65,"20,000",1994,2020,10,31,우면동,코오롱,52.47,6,70,,,,
11650,100,"70,000",2003,2020,10,24,반포동,대백세인트빌,120.8,2,87-5,,,,
11650,100,"60,000",1993,2020,10,30,서초동,유원서초,84.82,8,1687,,,,
11650,160,"48,000",2020,2020,10,23,서초동,서초센트럴IPARK,80.5154,14,1582-3,,,,
11650,0,"50,000",1988,2020,10,17,방배동,방배임광3차,65.85,3,1010-1,,,,
11650,60,"90,000",2010,2020,10,14,반포동,반포리체,59.994,32,30-26,,,,
11650,300,"20,000",2020,2020,10,24,서초동,서초센트럴IPARK,80.5098,11,1582-3,,,,
11650,0,"110,000",2020,2020,10,11,서초동,래미안 리더스원,59.97,13,1755,,,,
11650,120,"60,000",2009,2020,10,31,서초동,래미안서초스위트,59.9958,7,1301-6,,,,
11650,260,"10,000",2003,2020,10,15,서초동,서초래미안,84.97,7,1682,신규,20.11~22.11,,
11650,580,"80,000",2016,2020,10,15,반포동,아크로리버파크,112.99,27,2-12,,,,
11650,235,"10,000",1987,2020,10,16,반포동,반포미도,84.96,1,60-4,,,,
11650,0,"80,000",1984,2020,10,21,반포동,궁전,146.81,4,65-1,,,,
11650,160,"100,000",2019,2020,10,15,잠원동,래미안신반포리오센트,84.92,13,161,,,,
11650,0,"53,550",1988,2020,10,13,서초동,삼풍아파트,79.47,1,1685,,,,
11650,0,"130,000",2009,2020,10,15,반포동,래미안퍼스티지,59.96,3,18-1,,,,
11650,90,"5,000",1983,2020,10,10,잠원동,신반포16,53.43,1,55-12,,,,
11650,0,"90,000",1988,2020,10,28,서초동,삼풍아파트,79.47,12,1685,,,,
11650,340,"10,000",2009,2020,10,17,반포동,래미안퍼스티지,59.96,22,18-1,,,,
11650,90,"90,000",2017,2020,10,22,서초동,서초푸르지오써밋,74.93,10,1311-10,,,,
11650,0,"138,000",2020,2020,10,14,서초동,래미안 리더스원,84.97,12,1755,,,,
11650,0,"90,000",1997,2020,10,14,잠원동,신화,81.37,5,54-7,,,,
11650,0,"80,000",1976,2020,10,9,방배동,삼호3,129.76,6,759-3,,,,
11650,0,"92,400",1998,2020,10,16,잠원동,신반포청구,84.86,15,63-2,,,,
11650,0,"120,000",2018,2020,10,10,잠원동,신반포자이,59.35,5,160,,,,
11650,130,"40,000",2014,2020,10,9,내곡동,서초더샵포레,84.3,2,411,,,,
11650,0,"70,000",1998,2020,10,17,서초동,우성아파트,59.93,18,1326-17,,,,
11650,200,"50,000",2003,2020,10,16,서초동,서초래미안,96.87,17,1682,,,,
11650,0,"54,500",2012,2020,10,24,우면동,서초힐스,59.91,15,773,,,,
11650,0,"57,700",1991,2020,10,25,양재동,우성,84.91,14,154-2,,,,
11650,0,"55,650",1997,2020,10,8,잠원동,신화,57.33,9,54-7,,,,
11650,90,"100,000",2009,2020,10,5,반포동,래미안퍼스티지,59.96,3,18-1,,,,
11650,175,"10,000",2015,2020,10,6,신원동,서초포레스타6단지,59.98,4,619,,,,
11650,0,"110,000",1998,2020,10,15,서초동,우성아파트,134.91,17,1326-17,,,,
11650,0,"143,000",2009,2020,10,18,반포동,반포자이,84.943,13,20-43,,,,
11650,0,"18,957",2013,2020,10,17,우면동,엘에이치서초3단지,51.32,6,784,,,,
11650,0,"35,000",1974,2020,10,10,반포동,에이아이디차관주택,72.51,3,968,,,,
11650,70,"15,000",2020,2020,10,22,서초동,디아레나서초,27.39,14,1588-5,,,,
11650,125,"10,000",1999,2020,10,24,방배동,방배1차현대홈타운,59.94,1,1344,,,,
11650,0,"130,000",2009,2020,10,15,반포동,래미안퍼스티지,59.96,3,18-1,,,,
11650,450,"89,000",2009,2020,10,13,반포동,반포자이,165.446,4,20-43,,,,
11650,0,"150,150",2018,2020,10,18,반포동,반포래미안아이파크,112.95,8,1341,,,,
11650,0,"150,000",2016,2020,10,13,반포동,아크로리버파크,84.97,20,2-12,,,,
11650,70,"60,000",2006,2020,10,8,서초동,서초벽산블루밍,84.39,8,1347-20,,,,
11650,0,"170,000",2017,2020,10,5,서초동,서초푸르지오써밋,104.19,14,1311-10,,,,
11650,465,"10,000",2018,2020,10,19,잠원동,아크로리버뷰신반포,78.48,3,159,,,,
11650,0,"125,000",1988,2020,10,13,서초동,삼풍아파트,163.81,1,1685,신규,20.11~22.11,,
11650,0,"80,000",2004,2020,10,28,잠원동,롯데캐슬갤럭시(50-1),132.78,23,50-1,,,,
11650,280,"40,000",2020,2020,10,17,서초동,래미안 리더스원,84.93,19,1755,,,,
11650,0,"45,000",2018,2020,10,15,방배동,자현유하우스,37.8,6,940-4,,,,
11650,380,"30,000",2018,2020,10,9,반포동,반포써밋,84.9716,19,1342,,,,
11650,55,"60,000",2012,2020,10,14,우면동,서초힐스,74.97,12,773,,,,
11650,0,"50,400",1989,2020,10,29,서초동,아남,71.1,1,1641-13,,,,
11650,0,"63,000",2012,2020,10,26,우면동,서초힐스,84.96,11,773,,,,
11650,30,"75,000",1995,2020,10,17,방배동,공작빌라트,148.08,7,1029-1,,,,
11650,0,"98,000",2014,2020,10,10,신원동,힐스테이트서초젠트리스,101.9,5,557,,,,
11650,0,"85,000",1989,2020,10,17,반포동,반포미도2차아파트,71.49,10,60-5,,,,
11650,135,"90,000",2009,2020,10,17,반포동,래미안퍼스티지,59.96,21,18-1,,,,
11650,0,"65,000",1979,2020,10,11,서초동,신동아아파트(2차),144.41,10,1334-1,,,,
11650,100,"60,000",2005,2020,10,29,서초동,래미안서초4차,84.94,1,1473-2,,,,
11650,0,"110,000",2013,2020,10,17,우면동,서초호반써밋,118.0151,14,753,,,,
11650,0,"140,000",2006,2020,10,24,방배동,쌍용예가클래식,155.4471,2,776-3,,,,
11650,66,"75,000",2013,2020,10,27,우면동,서초호반써밋,101.0482,19,753,,,,
11650,0,"81,900",1996,2020,10,17,잠원동,한신타워,84.93,14,71-11,,,,
11650,0,"51,900",1997,2020,10,9,서초동,서초한일,59.96,1,1636-1,,,,
11650,0,"42,000",2006,2020,10,24,서초동,더샵서초,33.06,27,1445-14,,,,
11650,0,"100,000",2003,2020,10,17,양재동,해청,153.62,3,19,,,,
11650,0,"134,000",2020,2020,10,17,서초동,래미안 리더스원,84.94,5,1755,,,,
11650,0,"126,000",2004,2020,10,13,서초동,아크로비스타,149.08,17,1685-3,,,,
11650,175,"5,000",1978,2020,10,24,잠원동,신반포2,79.42,9,73,,,,
11650,0,"35,000",1974,2020,10,13,반포동,에이아이디차관주택,72.51,2,968,,,,
11650,0,"83,600",2018,2020,10,31,반포동,반포래미안아이파크,59.95,9,1341,,,,
11650,0,"27,000",2003,2020,10,28,서초동,서초대우아이빌,35.307,7,1675-11,,,,
11650,0,"68,000",1999,2020,10,8,방배동,방배1차현대홈타운,59.94,19,1344,,,,
11650,0,"65,000",2003,2020,10,17,양재동,비젼(102),84.98,3,16-22,,,,
11650,0,"93,000",2014,2020,10,17,신원동,서초포레스타5단지,84.4,16,579,,,,
11650,0,"145,000",2009,2020,10,21,반포동,반포자이,84.943,27,20-43,,,,
11650,220,"20,000",2014,2020,10,19,신원동,서초포레스타5단지,84.4,12,579,,,,
11650,0,"55,000",2002,2020,10,30,양재동,인랜드,73.28,4,363-3,,,,
11650,0,"90,000",2020,2020,10,13,서초동,서초센트럴IPARK,80.5154,6,1582-3,,,,
11650,0,"42,000",1994,2020,10,17,우면동,한라,59.98,3,67,,,,
11650,0,"29,000",2004,2020,10,24,서초동,풍림아이원플러스,35.903,10,1338-1,,,,
11650,84,"1,000",2004,2020,10,21,서초동,풍림아이원플러스,27.643,13,1338-1,,,,
11650,200,"70,000",2006,2020,10,8,방배동,롯데캐슬헤론,124.27,12,754-1,,,,
11650,0,"115,000",2020,2020,10,27,서초동,래미안 리더스원,59.97,19,1755,,,,
11650,75,"2,000",2003,2020,10,5,서초동,서초대우아이빌,28.549,14,1675-11,,,,
11650,0,"50,000",1979,2020,10,20,서초동,진흥아파트,101.32,11,1315,,,,
11650,0,"70,000",2006,2020,10,17,서초동,삼환바우스,84.74,7,1677-11,,,,
11650,300,"40,000",2016,2020,10,30,서초동,래미안서초에스티지,101.55,3,1332-13,,,,
11650,450,"10,000",2016,2020,10,17,반포동,아크로리버파크,84.95,12,2-12,,,,
11650,160,"6,000",1991,2020,10,19,방배동,방배우성,80.2,10,2525,,,,
11650,85,"1,000",2002,2020,10,23,서초동,서초동삼성쉐르빌2,35.22,18,1330,,,,
11650,0,"90,000",1987,2020,10,8,잠원동,강변,84.53,15,53-15,,,,
11650,220,"10,000",1999,2020,10,9,서초동,서초현대,84.81,7,1648-2,,,,
11650,0,"21,000",2002,2020,10,5,서초동,서초동삼성쉐르빌2,35.22,9,1330,,,,
11650,0,"84,000",2000,2020,10,24,서초동,서초4현대,84.96,6,1684,,,,
11650,90,"4,000",2004,2020,10,30,서초동,풍림아이원플러스,35.903,8,1338-1,,,,
11650,0,"115,000",2005,2020,10,30,서초동,서초트라팰리스,133.05,1,1344-13,,,,
11650,0,"55,000",2013,2020,10,28,우면동,호반써밋서초파크,51.89,15,788,,,,
11650,40,"89,800",1986,2020,10,13,반포동,삼호가든맨션(5차),142.11,13,30-1,,,,
11650,0,"80,000",2013,2020,10,10,우면동,호반써밋서초파크뷰,84.95,14,789,,,,
11650,0,"95,000",2018,2020,10,6,반포동,반포써밋,59.9207,16,1342,,,,
11650,0,"107,000",2020,2020,10,10,서초동,래미안 리더스원,59.97,12,1755,,,,
11650,0,"110,000",2010,2020,10,24,서초동,서초교대e편한세상,84.97,4,1686-9,,,,
11650,300,"5,000",2014,2020,10,14,내곡동,서초더샵포레,84.81,14,411,,,,
11650,0,"95,000",1987,2020,10,13,반포동,반포미도,84.96,14,60-4,,,,
11650,0,"65,000",2013,2020,10,28,우면동,호반써밋서초파크뷰,59.93,3,789,,,,
11650,0,"95,000",2005,2020,10,10,서초동,서초지웰,84.74,3,1458-6,,,,
11650,0,"44,000",2002,2020,10,5,방배동,강남아트빌,103.21,1,980-41,,,,
11650,170,"9,000",1993,2020,10,25,서초동,유원서초,84.87,1,1687,,,,
11650,60,"70,000",2014,2020,10,20,내곡동,서초더샵포레,84.81,11,411,,,,
11650,0,"107,000",2000,2020,10,24,반포동,반포푸르지오,84.82,7,10,,,,
11650,130,"70,000",2020,2020,10,11,서초동,래미안 리더스원,59.97,28,1755,,,,
11650,80,"60,000",2012,2020,10,9,우면동,서초힐스,84.96,22,773,신규,20.11~22.11,,
11650,110,"35,000",2007,2020,10,8,방배동,방배아크로타워,65.11,9,923-6,,,,
11650,0,"145,000",2018,2020,10,31,반포동,반포써밋,84.4182,23,1342,,,,
11650,170,"50,000",2010,2020,10,16,반포동,반포리체,84.967,9,30-26,,,,
11650,0,"220,000",2020,2020,10,15,서초동,래미안 리더스원,135.02,11,1755,,,,
11650,0,"92,000",2005,2020,10,6,방배동,방배래미안타워,102.93,12,485-3,신규,20.12~22.12,,
11650,50,"55,000",1979,2020,10,15,서초동,진흥아파트,101.32,9,1315,,,,
11650,100,"60,000",2000,2020,10,9,반포동,반포푸르지오,59.81,4,10,,,,
11650,0,"138,000",2020,2020,10,13,서초동,래미안 리더스원,84.94,26,1755,,,,
11650,0,"120,000",1980,2020,10,20,잠원동,신반포7,140.04,10,65-32,,,,
11650,0,"96,600",2010,2020,10,23,방배동,서리풀e편한세상,84.97,1,906-13,,,,
11650,0,"60,000",1974,2020,10,12,반포동,에이아이디차관주택,72.51,4,968,,,,
11650,150,"60,000",2014,2020,10,24,신원동,힐스테이트서초젠트리스,114.9,6,557,,,,
11650,0,"110,000",2010,2020,10,22,서초동,서초교대e편한세상,84.97,6,1686-9,,,,
11650,0,"126,000",2018,2020,10,21,잠원동,신반포자이,84.92,11,160,,,,
11650,0,"40,000",1978,2020,10,13,서초동,신동아아파트(1차),88.68,10,1333,,,,
11650,115,"30,000",1978,2020,10,15,잠원동,신반포2,68.91,5,73,,,,
11650,100,"3,000",2001,2020,10,8,양재동,갤럭시타운,44.55,3,317-3,,,,
11650,30,"84,000",2005,2020,10,24,방배동,방배래미안타워,134.36,14,485-3,,,,
11650,0,"105,000",2006,2020,10,17,서초동,롯데캐슬클래식,84.98,23,1312-3,,,,
11650,170,"130,000",2016,2020,10,28,반포동,아크로리버파크,84.97,11,2-12,,,,
11650,0,"62,000",1978,2020,10,3,잠원동,신반포2,68.91,6,73,,,,
11650,170,"50,000",2017,2020,10,31,서초동,"마제스타시티(힐스테이트서리풀101,102동)",59.97,19,1498-5,,,,
11650,0,"140,000",2003,2020,10,16,서초동,서초래미안,126.31,16,1682,,,,
11650,150,"40,000",2015,2020,10,11,내곡동,서초포레스타2단지,84.48,9,384,,,,
11650,200,"80,000",2003,2020,10,28,서초동,롯데캐슬쥬피터,162.41,6,1359-50,,,,
11650,100,"50,000",2003,2020,10,16,잠원동,브라운스톤잠원,84.94,12,67-2,,,,
11650,234,"135,000",2016,2020,10,30,반포동,아크로리버파크,112.93,8,2-12,,,,
11650,0,"35,700",2018,2020,10,8,서초동,헤센파크힐,21.19,5,1633-4,,,,
11650,0,"126,000",1988,2020,10,24,서초동,삼풍아파트,165.92,9,1685,,,,
11650,0,"90,000",2020,2020,10,12,서초동,서초센트럴IPARK,80.5332,11,1582-3,,,,
11650,0,"78,750",2013,2020,10,15,방배동,롯데캐슬아르떼,59.9742,16,424-28,,,,
11650,0,"26,962",2014,2020,10,21,내곡동,서초더샵포레,59.69,3,411,,,,
11650,0,"172,000",2020,2020,10,13,서초동,래미안 리더스원,114.7,20,1755,,,,
11650,0,"120,000",2004,2020,10,26,서초동,상지리츠빌(6),143.78,4,1491-31,,,,
11650,100,"1,000",2004,2020,10,16,서초동,풍림아이원플러스,35.903,9,1338-1,,,,
11650,160,"32,000",2009,2020,10,10,서초동,래미안서초스위트,59.9958,4,1301-6,,,,
11650,0,"95,000",2020,2020,10,22,서초동,서초센트럴IPARK,80.5004,22,1582-3,,,,
11650,0,"58,800",1987,2020,10,27,반포동,반포미도,84.96,5,60-4,,,,
11650,0,"40,500",1988,2020,10,31,방배동,방배임광3차,67.47,3,1010-1,,,,
11650,110,"1,000",2004,2020,10,30,방배동,한신트리플,43.93,10,816-1,,,,
11650,0,"50,400",1983,2020,10,24,잠원동,신반포16,83.12,5,55-12,,,,
11650,0,"140,000",2003,2020,10,10,서초동,서초래미안,126.31,3,1682,,,,
11650,99,"2,000",1982,2020,10,19,잠원동,신반포12,55.45,2,50-5,,,,
11650,120,"3,000",1994,2020,10,9,우면동,코오롱,52.47,1,70,,,,
11650,0,"110,000",2010,2020,10,6,서초동,롯데캐슬메디치,124.18,9,1656-4,,,,
11650,70,"3,000",2005,2020,10,10,방배동,방배대우디오빌,28.84,19,866-20,,,,
11650,225,"50,000",2018,2020,10,9,서초동,래미안서초에스티지S,84.8,22,1754,,,,
11650,0,"54,000",2002,2020,10,10,서초동,서초동삼성쉐르빌2,70.49,3,1330,,,,
11650,0,"26,962",2014,2020,10,30,내곡동,서초더샵포레,59.69,18,411,,,,
11650,97,"75,000",2018,2020,10,9,반포동,반포래미안아이파크,84.93,6,1341,,,,
11650,0,"105,000",2006,2020,10,17,서초동,롯데캐슬클래식,84.98,4,1312-3,,,,
11650,0,"65,000",1975,2020,10,25,방배동,삼호1동~3동,116.13,9,770-1,,,,
11650,81,"45,000",1983,2020,10,31,잠원동,신반포22,104.02,11,65-33,,,,
11650,0,"115,500",2016,2020,10,17,잠원동,래미안신반포팰리스,84.49,12,158,,,,
11650,180,"5,000",1987,2020,10,9,잠원동,강변,66.29,2,53-15,,,,
11650,0,"129,150",2018,2020,10,15,잠원동,신반포자이,84.92,15,160,갱신,20.10~22.10,"123,000",
11650,0,"61,000",1973,2020,10,14,반포동,반포주공1단지,140.13,4,757,,,,
11650,0,"88,000",2015,2020,10,24,내곡동,서초포레스타2단지,84.87,11,384,,,,
11650,0,"50,400",1989,2020,10,28,서초동,현대아파트,84.34,2,1346,,,,
11650,0,"50,400",1989,2020,10,9,서초동,아남,71.1,11,1641-13,신규,20.11~22.11,,
11650,0,"115,500",2018,2020,10,31,잠원동,신반포자이,84.97,11,160,,,,
11650,0,"241,500",2016,2020,10,29,반포동,아크로리버파크,129.97,28,2-12,,,,
11650,300,"80,000",2020,2020,10,16,서초동,래미안 리더스원,114.94,12,1755,,,,
11650,0,"63,000",2012,2020,10,17,우면동,서초힐스,74.97,8,773,,,,
11650,0,"170,000",2009,2020,10,11,반포동,래미안퍼스티지,84.93,30,18-1,,,,
11650,100,"30,000",1991,2020,10,20,양재동,우성,84.58,7,154-2,,,,
11650,50,"29,550",1978,2020,10,19,잠원동,신반포2,68.91,11,73,,,,
11650,0,"80,000",2013,2020,10,25,우면동,호반써밋서초파크뷰,84.95,9,789,,,,
11650,0,"117,000",2009,2020,10,5,서초동,래미안서초스위트,84.9571,4,1301-6,,,,
11650,0,"25,000",1978,2020,10,31,서초동,신동아아파트(1차),86.61,8,1333,,,,
11650,0,"109,000",2018,2020,10,31,반포동,반포써밋,59.3264,15,1342,,,,
11650,0,"29,658",2014,2020,10,30,내곡동,서초더샵포레,59.88,5,411,,,,
11650,0,"58,000",1987,2020,10,5,반포동,반포미도,84.96,2,60-4,,,,
11650,0,"54,600",1979,2020,10,19,서초동,진흥아파트,101.32,1,1315,갱신,20.09~22.09,"52,000",
11650,0,"145,000",2018,2020,10,7,반포동,반포써밋,84.9716,5,1342,,,,
11650,0,"99,200",2018,2020,10,28,반포동,반포써밋,84.4182,2,1342,,,,
11650,0,"69,087",2016,2020,10,27,반포동,아크로리버파크,59.98,3,2-12,,,,
11650,50,"47,000",1981,2020,10,13,방배동,신동아,102.65,8,988-1,,,,
11650,0,"210,000",2016,2020,10,27,반포동,아크로리버파크,112.93,4,2-12,,,,
11650,0,"80,850",1992,2020,10,31,잠원동,한신,84.52,6,56-3,,,,
11650,0,"62,000",2017,2020,10,28,방배동,서초훼미리하우스,59.49,2,917-4,,,,
11650,0,"73,500",2018,2020,10,25,반포동,반포써밋,59.9207,4,1342,,,,
11650,0,"59,850",1996,2020,10,31,잠원동,한신타워,59.81,18,71-11,갱신,20.11~22.11,"57,000",
11650,0,"117,600",2016,2020,10,29,잠원동,래미안신반포팰리스,84.49,29,158,,,,
11650,70,"3,000",2005,2020,10,10,방배동,방배대우디오빌,28.84,20,866-20,,,,
11650,90,"110,000",2004,2020,10,29,잠원동,롯데캐슬갤럭시(50-1),148.86,10,50-1,,,,
11650,121,"64,000",1988,2020,10,31,서초동,삼풍아파트,130.23,4,1685,,,,
11650,87,"71,655",2004,2020,10,31,방배동,래미안방배아트힐(1008-2),127.61,19,1008-2,,,,
11650,0,"79,500",1993,2020,10,31,양재동,현대,146.56,6,370,,,,
11650,0,"94,000",2020,2020,10,28,방배동,서리풀래디앙아파트,72.36,2,805-14,,,,
11650,0,"39,000",2015,2020,10,16,내곡동,서초포레스타2단지,59.21,6,384,,,,
11650,320,"10,000",2020,2020,10,13,서초동,서초센트럴IPARK,80.5332,18,1582-3,,,,
11650,0,"30,000",1974,2020,10,12,반포동,에이아이디차관주택,72.51,1,968,,,,
11650,0,"69,087",2016,2020,10,28,반포동,아크로리버파크,59.98,2,2-12,,,,
11650,0,"80,000",1993,2020,10,30,서초동,유원서초,84.82,12,1687,,,,
11650,0,"106,000",2020,2020,10,8,서초동,래미안 리더스원,59.97,25,1755,,,,
11650,75,"1,000",2014,2020,10,31,서초동,urbanplace,21.007,5,1337-3,,,,
11650,0,"35,000",1974,2020,10,21,반포동,에이아이디차관주택,72.51,4,968,,,,
11650,0,"115,000",2004,2020,10,31,방배동,방배동동양파라곤,198.42,6,992-8,,,,
11650,0,"120,000",2018,2020,10,31,반포동,반포써밋,59.9207,8,1342,,,,
11650,100,"33,000",1987,2020,10,19,반포동,반포미도,84.96,8,60-4,,,,
11650,0,"89,000",1998,2020,10,31,잠원동,신반포청구,59.91,15,63-2,,,,
11650,0,"100,000",2010,2020,10,31,반포동,반포리체,59.994,16,30-26,갱신,21.01~23.01,"80,000",
11650,20,"63,000",2005,2020,10,31,서초동,두산위브(1362),83.11,4,1362,,,,
11650,0,"25,200",2013,2020,10,31,서초동,한라비발디스튜디오193,19.99,10,1363-25,,,,
11650,0,"95,000",2004,2020,10,30,방배동,래미안방배아트힐(1008-2),127.61,1,1008-2,,,,
11650,95,"1,000",2003,2020,10,26,서초동,서초이오빌,43.2,3,1593-7,,,,
11650,0,"84,000",2010,2020,10,22,반포동,반포리체,59.993,21,30-26,,,,
11650,0,"69,087",2016,2020,10,28,반포동,아크로리버파크,59.98,8,2-12,,,,
11650,0,"200,000",2003,2020,10,20,방배동,노블하임,242.77,2,807-5,,,,
11650,0,"32,766",2014,2020,10,29,내곡동,서초더샵포레,84.81,16,411,,,,
11650,0,"134,400",2016,2020,10,9,반포동,아크로리버파크,84.97,3,2-12,,,,
11650,105,"2,000",1985,2020,10,27,잠원동,신반포27,53.46,7,56-2,,,,
11650,0,"150,000",2009,2020,10,30,반포동,반포자이,84.943,8,20-43,,,,
11650,160,"50,000",2010,2020,10,30,방배동,서리풀e편한세상,84.97,14,906-13,,,,
11650,0,"95,000",2020,2020,10,14,서초동,서초센트럴IPARK,80.5154,22,1582-3,,,,
11650,111,"60,000",2002,2020,10,30,서초동,월드메르디앙,156.98,3,1549-3,,,,
11650,0,"32,766",2014,2020,10,30,내곡동,서초더샵포레,84.41,10,411,,,,
11650,100,"30,000",2014,2020,10,30,내곡동,서초더샵포레,84.81,12,411,,,,
11650,0,"170,000",2009,2020,10,26,반포동,반포자이,84.943,15,20-43,,,,
11650,0,"170,000",2010,2020,10,30,반포동,반포리체,106.148,5,30-26,,,,
11650,0,"90,000",2001,2020,10,23,서초동,서초삼성래미안,84.97,1,1641-1,,,,
11650,0,"102,000",1998,2020,10,30,잠원동,신반포청구,84.86,7,63-2,,,,
11650,0,"50,000",2002,2020,10,7,잠원동,동아,84.91,6,157,,,,
11650,190,"60,000",2018,2020,10,12,서초동,래미안서초에스티지S,84.8,5,1754,,,,
11650,0,"60,000",2013,2020,10,30,우면동,호반써밋서초파크뷰,59.99,17,789,,,,
11650,0,"110,000",2003,2020,10,22,방배동,방배대우멤버스카운티201,100.38,4,809-26,,,,
11650,0,"82,500",2003,2020,10,30,서초동,서초래미안,84.95,1,1682,,,,
11650,0,"26,962",2014,2020,10,3,내곡동,서초더샵포레,59.69,13,411,,,,
11650,0,"68,250",1988,2020,10,24,서초동,삼풍아파트,79.47,14,1685,,,,
11650,10,"58,000",1987,2020,10,24,반포동,반포미도,84.96,14,60-4,,,,
11650,0,"52,500",1996,2020,10,10,양재동,우성KBS(113동),84.69,3,160-2,,,,
11650,55,"64,500",1988,2020,10,30,서초동,삼풍아파트,79.47,8,1685,,,,
11650,0,"93,450",2018,2020,10,30,방배동,방배아트자이,84.9383,12,3278,갱신,21.01~23.01,"89,000",
11650,110,"3,000",1974,2020,10,13,반포동,에이아이디차관주택,72.51,3,968,,,,
11650,0,"160,000",2004,2020,10,9,잠원동,롯데캐슬갤럭시(50-1),148.86,5,50-1,,,,
11650,0,"26,962",2014,2020,10,30,내곡동,서초더샵포레,59.94,8,411,,,,
11650,0,"90,000",2020,2020,10,12,서초동,서초센트럴IPARK,80.5332,19,1582-3,,,,
11650,0,"54,600",2016,2020,10,20,서초동,래미안서초에스티지,59.99,11,1332-13,,,,
11650,170,"30,000",1980,2020,10,25,잠원동,신반포7,107.29,7,65-32,,,,
11650,0,"35,000",2002,2020,10,30,양재동,신영체르니,39.1,2,90,,,,
11650,0,"62,000",2017,2020,10,28,방배동,서초훼미리하우스,59.49,2,917-4,,,,
11650,218,"80,000",2009,2020,10,29,반포동,반포자이,84.943,23,20-43,신규,21.01~23.01,,
11650,100,"2,000",1978,2020,10,23,서초동,신동아아파트(1차),76.21,2,1333,,,,
11650,0,"71,500",2002,2020,10,29,잠원동,미주파스텔,59.57,6,54,,,,
11650,62,"83,000",2004,2020,10,29,방배동,방배3차현대홈타운,120.915,4,2233,,,,
11650,180,"10,000",2002,2020,10,29,잠원동,월드메르디앙,84.78,11,33-11,,,,
11650,0,"85,000",2004,2020,10,8,방배동,방배아크로리버,124.569,7,752-36,,,,
11650,400,"20,000",2004,2020,10,26,방배동,방배대우멤버스카운티502,172.97,3,801-5,,,,
11650,0,"113,400",2003,2020,10,24,서초동,서초래미안,127.66,18,1682,,,,
11650,0,"97,000",2009,2020,10,29,서초동,래미안서초스위트,84.9571,4,1301-6,,,,
11650,0,"32,000",1974,2020,10,29,반포동,에이아이디차관주택,72.51,5,968,,,,
11650,0,"72,450",2014,2020,10,6,내곡동,서초더샵포레,84.81,12,411,,,,
11650,0,"110,000",2005,2020,10,29,서초동,서초2차e-편한세상,116.745,12,1529,,,,
11650,0,"92,000",2004,2020,10,26,서초동,서초1차e-편한세상,130.53,3,1487-63,,,,
11650,0,"70,000",2002,2020,10,29,잠원동,미주파스텔,59.57,6,54,,,,
11650,0,"69,300",2002,2020,10,17,잠원동,동아,59.8,1,157,,,,
11650,65,"57,000",2003,2020,10,28,서초동,서초래미안,84.95,10,1682,,,,
11650,0,"32,766",2014,2020,10,28,내곡동,서초더샵포레,84.36,1,411,,,,
11650,0,"190,000",2020,2020,10,8,잠원동,반포센트럴자이,98.8654,27,162,,,,
11650,0,"135,000",2010,2020,10,29,반포동,반포리체,84.967,31,30-26,,,,
11650,0,"104,000",2016,2020,10,15,반포동,아크로리버파크,59.98,1,2-12,,,,
11650,0,"155,000",2000,2020,10,21,서초동,삼성서초가든스위트,176.24,4,1326,,,,
11650,0,"24,000",2002,2020,10,16,서초동,서초동삼성쉐르빌2,35.22,10,1330,,,,
11650,150,"40,000",1999,2020,10,28,서초동,서초현대,114.84,1,1648-2,,,,
11650,235,"40,000",2020,2020,10,27,서초동,래미안 리더스원,59.97,29,1755,,,,
11650,0,"135,000",2003,2020,10,27,방배동,대림e-편한세상1,164.25,2,884-21,,,,
11650,69,"5,000",1978,2020,10,28,서초동,신동아아파트(1차),102.66,1,1333,,,,
11650,0,"115,000",1992,2020,10,24,잠원동,한신,84.52,14,56-3,신규,20.11~22.11,,
11650,0,"30,000",1974,2020,10,28,반포동,에이아이디차관주택,72.51,5,968,,,,
11650,0,"24,022",2014,2020,10,28,양재동,양재리본타워2단지,59.98,18,212,,,,
11650,0,"28,310",2014,2020,10,28,내곡동,서초더샵포레,59.88,9,411,,,,
11650,0,"63,000",1996,2020,10,28,잠원동,한신타워,59.81,11,71-11,,,,
11650,194,"50,000",2009,2020,10,28,반포동,반포자이,84.943,23,20-43,,,,
11650,0,"126,000",2018,2020,10,28,잠원동,신반포자이,84.98,16,160,,,,
11650,50,"68,250",2001,2020,10,24,방배동,방배2차현대홈타운,84.94,19,2001,,,,
11650,180,"20,000",1999,2020,10,17,방배동,방배1차현대홈타운,84.96,9,1344,,,,
11650,0,"62,219",2016,2020,10,27,잠원동,래미안신반포팰리스,59.99,13,158,,,,
11650,0,"157,500",2018,2020,10,17,서초동,래미안서초에스티지S,111.01,30,1754,,,,
11650,0,"95,000",2020,2020,10,28,서초동,서초센트럴IPARK,80.5332,27,1582-3,,,,
11650,0,"69,087",2016,2020,10,27,반포동,아크로리버파크,59.98,10,2-12,,,,
11650,220,"80,000",2016,2020,10,28,반포동,아크로리버파크,84.97,20,2-12,,,,
11650,0,"105,000",2016,2020,10,24,서초동,래미안서초에스티지,83.6,2,1332-13,,,,
11650,0,"42,500",1974,2020,10,28,반포동,에이아이디차관주택,72.51,4,968,,,,
11650,0,"100,000",1998,2020,10,17,잠원동,중앙하이츠,75.44,1,71-17,,,,
11650,155,"50,000",1985,2020,10,27,방배동,임광,136.38,8,1015,,,,
11650,0,"110,000",2018,2020,10,17,반포동,반포써밋,59.3264,23,1342,,,,
11650,0,"115,500",2018,2020,10,17,잠원동,신반포자이,84.97,11,160,,,,
11650,0,"45,000",2002,2020,10,13,서초동,서초동삼성쉐르빌2,52.83,15,1330,,,,
11650,0,"69,087",2016,2020,10,26,반포동,아크로리버파크,59.98,5,2-12,,,,
11650,60,"3,000",2012,2020,10,6,서초동,SUITEHILL,20.466,4,1622-9,,,,
11650,0,"32,766",2014,2020,10,23,내곡동,서초더샵포레,84.41,13,411,,,,
11650,0,"46,000",1991,2020,10,24,양재동,우성112,84.58,1,137-1,,,,
11650,23,"20,000",2005,2020,10,24,방배동,방배대우디오빌,28.84,17,866-20,,,,
11650,0,"27,000",1978,2020,10,27,서초동,신동아아파트(1차),75.86,2,1333,,,,
11650,0,"77,000",2014,2020,10,27,신원동,서초포레스타5단지,84.41,12,579,,,,
11650,0,"99,750",2018,2020,10,27,반포동,반포래미안아이파크,84.93,26,1341,,,,
11650,0,"26,962",2014,2020,10,27,내곡동,서초더샵포레,59.88,13,411,,,,
11650,0,"75,000",1982,2020,10,27,잠원동,신반포19,80.25,10,61-2,,,,
11650,0,"135,000",2016,2020,10,24,잠원동,래미안신반포팰리스,84.49,26,158,,,,
11650,0,"87,150",2016,2020,10,17,반포동,아크로리버파크,59.98,9,2-12,,,,
11650,0,"60,000",1981,2020,10,27,방배동,신동아,105.86,5,988-1,,,,
11650,0,"42,000",1978,2020,10,24,잠원동,신반포2,68.91,5,73,,,,
11650,0,"32,766",2014,2020,10,27,내곡동,서초더샵포레,84.36,1,411,,,,
11650,0,"26,962",2014,2020,10,27,내곡동,서초더샵포레,59.69,9,411,,,,
11650,0,"26,962",2014,2020,10,27,내곡동,서초더샵포레,59.88,5,411,,,,
11650,0,"72,000",1995,2020,10,26,우면동,대림,130.89,2,57,,,,
11650,0,"70,000",1978,2020,10,27,잠원동,신반포2,79.42,9,73,,,,
11650,0,"55,860",2009,2020,10,20,반포동,반포자이,59.98,2,20-43,,,,
11650,0,"95,000",2020,2020,10,24,서초동,서초센트럴IPARK,80.5098,6,1582-3,,,,
11650,0,"61,500",2003,2020,10,27,방배동,삼성래미안1,59.9,8,2626,,,,
11650,10,"76,000",2004,2020,10,23,서초동,대성유니드,84.991,1,1641-3,,,,
11650,150,"40,000",1976,2020,10,25,방배동,삼호2,177.52,10,758-4,,,,
11650,0,"130,000",2003,2020,10,10,서초동,서초동아이파크,164.74,1,1436-14,,,,
11650,0,"50,000",2004,2020,10,25,서초동,상지리츠빌(4),138.54,2,1490-36,,,,
11650,0,"85,000",2003,2020,10,10,반포동,반포훼미리(102동),84.63,6,712-19,,,,
11650,0,"69,087",2016,2020,10,27,반포동,아크로리버파크,59.98,10,2-12,,,,
11650,0,"75,000",1978,2020,10,26,잠원동,신반포2,93.71,11,73,,,,
11650,0,"100,000",1980,2020,10,21,잠원동,신반포7,140.04,10,65-32,,,,
11650,30,"22,000",1982,2020,10,16,잠원동,신반포12,55.45,11,50-5,,,,
11650,240,"30,000",2005,2020,10,25,방배동,설록,150.09,3,815-22,,,,
11650,0,"63,000",2000,2020,10,24,반포동,반포푸르지오,59.91,11,10,,,,
11650,220,"60,000",2018,2020,10,14,서초동,래미안서초에스티지S,84.8,6,1754,,,,
11650,25,"65,000",1978,2020,10,23,잠원동,신반포2,107.31,2,73,,,,
11650,100,"80,000",1998,2020,10,26,서초동,우성아파트,134.91,3,1326-17,,,,
11650,60,"30,000",1978,2020,10,26,잠원동,신반포2,79.42,10,73,,,,
11650,0,"120,750",2009,2020,10,26,반포동,반포자이,84.943,25,20-43,,,,
11650,0,"92,400",2002,2020,10,21,잠원동,동아,84.91,6,157,,,,
11650,0,"35,700",2018,2020,10,10,서초동,헤센파크힐,18.34,4,1633-4,,,,
11650,100,"1,000",2003,2020,10,5,서초동,서초이오빌,43.2,19,1593-7,,,,
11650,0,"150,150",2018,2020,10,5,반포동,반포써밋,106.5162,17,1342,,,,
11650,40,"60,000",1981,2020,10,26,방배동,삼익,151.54,6,1018-1,,,,
11650,0,"57,000",1991,2020,10,26,방배동,방배우성,84.99,7,2525,,,,
11650,0,"70,000",1993,2020,10,26,서초동,유원서초,84.82,9,1687,,,,
11650,0,"69,087",2016,2020,10,26,반포동,아크로리버파크,59.97,15,2-12,,,,
11650,0,"56,000",1991,2020,10,17,양재동,우성,84.58,6,154-2,,,,
11650,0,"83,000",2004,2020,10,24,방배동,방배3차현대홈타운,84.982,3,2233,,,,
11650,0,"105,000",2005,2020,10,8,서초동,래미안서초5차,147.07,5,1522-1,,,,
11650,0,"110,000",2005,2020,10,26,반포동,반포서래월드메르디앙스칼라아파트A동,134.21,2,550-34,,,,
11650,0,"82,500",2018,2020,10,5,방배동,방배아트자이,59.9938,3,3278,,,,
11650,0,"28,300",2004,2020,10,22,서초동,풍림아이원플러스,35.903,12,1338-1,,,,
11650,0,"80,000",1989,2020,10,17,잠원동,한강,84.53,8,49-8,,,,
11650,0,"120,000",2003,2020,10,26,서초동,현대ESA2,136.25,10,1542-6,,,,
11650,165,"30,000",1982,2020,10,10,잠원동,신반포19,107.01,8,61-2,,,,
11650,0,"93,500",2020,2020,10,26,서초동,서초센트럴IPARK,80.5981,14,1582-3,,,,
11650,0,"80,000",2005,2020,10,26,서초동,서초지웰,84.74,14,1458-6,,,,
11650,0,"61,900",1988,2020,10,24,서초동,삼풍아파트,79.47,4,1685,,,,
11650,90,"1,000",2001,2020,10,16,서초동,밀라텔쉐르빌,32.66,9,1316-31,,,,
11650,0,"50,000",1991,2020,10,25,양재동,우성,73.15,2,154-2,,,,
11650,0,"85,000",2007,2020,10,23,방배동,벨루체팰리스,118.36,1,808-10,,,,
11650,0,"72,541",2016,2020,10,26,반포동,아크로리버파크,59.98,5,2-12,,,,
11650,0,"63,000",1978,2020,10,17,잠원동,신반포2,68.91,9,73,,,,
11650,160,"100,000",2016,2020,10,21,반포동,아크로리버파크,84.97,16,2-12,,,,
11650,0,"66,000",1997,2020,10,20,잠원동,잠원현대훼밀리,59.56,2,59-3,,,,
11650,0,"69,087",2016,2020,10,26,반포동,아크로리버파크,59.97,13,2-12,,,,
11650,0,"65,000",1978,2020,10,25,잠원동,신반포2,93.71,3,73,,,,
11650,0,"136,500",2018,2020,10,18,반포동,반포래미안아이파크,99.92,29,1341,,,,
11650,0,"73,500",2018,2020,10,24,방배동,방배아트자이,59.9938,4,3278,,,,
11650,110,"2,000",1996,2020,10,24,잠원동,킴스빌리지,30.18,12,71-12,,,,
11650,0,"25,000",2002,2020,10,23,서초동,서초동삼성쉐르빌2,35.22,15,1330,,,,
11650,0,"70,000",1976,2020,10,10,방배동,삼호2,131.41,4,758-4,,,,
11650,0,"60,000",1978,2020,10,22,잠원동,신반포2,92.2,12,73,,,,
11650,60,"10,000",2004,2020,10,20,방배동,한신트리플,43.93,12,816-1,,,,
11650,0,"97,000",2002,2020,10,24,반포동,브리앙뜨,126.69,6,107-52,,,,
11650,48,"80,000",1982,2020,10,21,잠원동,신반포19,107.01,7,61-2,,,,
11650,0,"32,766",2014,2020,10,23,내곡동,서초더샵포레,84.81,12,411,,,,
11650,0,"57,750",1989,2020,10,15,잠원동,한강,84.53,15,49-8,,,,
11650,0,"32,766",2014,2020,10,21,내곡동,서초더샵포레,84.34,1,411,,,,
11650,0,"68,000",1994,2020,10,23,반포동,반포힐스,131.86,3,50-6,,,,
11650,0,"135,000",2018,2020,10,23,반포동,반포써밋,84.4182,10,1342,,,,
11650,0,"130,000",2020,2020,10,17,서초동,래미안 리더스원,84.94,20,1755,,,,
11650,0,"32,766",2014,2020,10,23,내곡동,서초더샵포레,84.34,2,411,,,,
11650,0,"100,000",2004,2020,10,23,방배동,래미안방배아트힐(1008-2),114.18,7,1008-2,,,,
11650,0,"81,000",2004,2020,10,22,서초동,대성유니드,84.991,7,1641-3,,,,
11650,0,"78,750",1999,2020,10,23,서초동,서초현대,114.84,11,1648-2,,,,
11650,0,"144,000",2020,2020,10,22,서초동,래미안 리더스원,84.94,31,1755,,,,
11650,0,"155,000",1994,2020,10,23,잠원동,로즈빌,187.09,8,32-10,,,,
11650,125,"30,000",2015,2020,10,15,신원동,서초포레스타6단지,59.98,4,619,신규,20.11~22.11,,
11650,0,"120,000",2004,2020,10,23,방배동,래미안방배아트힐(1008-2),127.61,6,1008-2,,,,
11650,240,"60,100",2017,2020,10,16,서초동,서초푸르지오써밋,104.11,4,1311-10,,,,
11650,333,"60,000",2009,2020,10,23,반포동,반포자이,132.439,26,20-43,,,,
11650,0,"28,000",2003,2020,10,12,서초동,서초이오빌,45.96,12,1593-7,,,,
11650,0,"50,000",1989,2020,10,17,반포동,반포미도2차아파트,71.49,4,60-5,,,,
11650,0,"38,250",2014,2020,10,16,신원동,서초포레스타3단지,59.93,5,568,,,,
11650,0,"62,000",1987,2020,10,21,반포동,반포미도,84.96,8,60-4,,,,
11650,160,"55,000",2018,2020,10,17,반포동,반포써밋,84.6849,26,1342,,,,
11650,0,"26,962",2014,2020,10,21,내곡동,서초더샵포레,59.69,10,411,,,,
11650,0,"95,000",2020,2020,10,21,서초동,서초센트럴IPARK,80.5154,24,1582-3,,,,
11650,0,"45,000",2001,2020,10,20,서초동,밀라텔쉐르빌,45.62,19,1316-31,,,,
11650,0,"130,000",2010,2020,10,13,반포동,반포리체,84.967,19,30-26,,,,
11650,110,"3,000",1974,2020,10,22,반포동,에이아이디차관주택,72.51,4,968,,,,
11650,20,"28,000",2003,2020,10,22,서초동,래미안서초유니빌,45.255,8,1445-4,,,,
11650,0,"78,750",1998,2020,10,9,서초동,우성아파트,84.93,11,1326-17,,,,
11650,180,"38,000",2006,2020,10,21,방배동,디오수페리움2,84.99,15,3001-1,,,,
11650,60,"120,000",2018,2020,10,17,잠원동,신반포자이,84.97,19,160,,,,
11650,50,"20,000",1982,2020,10,21,잠원동,신반포12,75.79,11,50-5,,,,
11650,0,"32,000",1975,2020,10,17,방배동,삼호1동~3동,81.39,11,770-1,,,,
11650,0,"33,600",2018,2020,10,15,서초동,헤센파크힐,20.66,2,1633-4,,,,
11650,10,"52,000",1996,2020,10,22,양재동,우성KBS(113동),84.69,8,160-2,,,,
11650,0,"26,962",2014,2020,10,20,내곡동,서초더샵포레,59.94,8,411,,,,
11650,0,"18,957",2013,2020,10,21,우면동,엘에이치서초3단지,51.32,11,784,,,,
11650,0,"68,000",2014,2020,10,17,신원동,서초포레스타3단지,59.96,1,568,,,,
11650,0,"26,962",2014,2020,10,22,내곡동,서초더샵포레,59.88,7,411,,,,
11650,0,"240,000",2016,2020,10,22,반포동,아크로리버파크,129.92,22,2-12,,,,
11650,35,"60,000",1997,2020,10,19,잠원동,잠원현대훼밀리,59.56,17,59-3,,,,
11650,250,"100,000",2020,2020,10,8,서초동,래미안 리더스원,114.94,18,1755,,,,
11650,0,"18,000",2012,2020,10,21,서초동,SUITEHILL,25.062,5,1622-9,,,,
11650,190,"5,000",2003,2020,10,10,서초동,예림,74.54,5,1531-6,,,,
11650,0,"147,000",2009,2020,10,21,반포동,반포자이,84.982,12,20-43,,,,
11650,0,"57,750",1988,2020,10,20,방배동,방배임광3차,100.82,5,1010-1,,,,
11650,0,"75,000",1997,2020,10,9,잠원동,잠원현대훼밀리,59.56,9,59-3,,,,
11650,0,"75,000",1998,2020,10,21,서초동,우성아파트,76.67,15,1326-17,,,,
11650,0,"41,500",2003,2020,10,21,서초동,서초이오빌,58.48,12,1593-7,,,,
11650,450,"20,000",2016,2020,10,21,잠원동,래미안신반포팰리스,104.08,24,158,,,,
11650,109,"43,000",2006,2020,10,21,서초동,롯데캐슬클래식,74.3,25,1312-3,,,,
11650,0,"67,000",2013,2020,10,16,우면동,호반써밋서초파크,59.93,3,788,,,,
11650,10,"75,000",1987,2020,10,21,반포동,한신서래,115,1,70-1,,,,
11650,0,"23,500",2014,2020,10,19,서초동,urbanplace,23.456,4,1337-3,,,,
11650,0,"60,000",1985,2020,10,14,방배동,임광,84.78,1,1015,,,,
11650,189,"199,500",2009,2020,10,21,반포동,반포자이,244.543,8,20-43,,,,
11650,0,"68,250",2002,2020,10,16,잠원동,동아,59.92,20,157,,,,
11650,41,"100,100",2018,2020,10,20,반포동,반포래미안아이파크,84.88,5,1341,,,,
11650,70,"60,000",1979,2020,10,17,서초동,진흥아파트,131.04,10,1315,,,,
11650,0,"32,766",2014,2020,10,21,내곡동,서초더샵포레,84.81,17,411,,,,
11650,0,"68,250",1993,2020,10,20,서초동,유원서초,84.82,3,1687,,,,
11650,0,"55,860",2009,2020,10,20,반포동,반포자이,59.971,21,20-43,,,,
11650,0,"76,000",1992,2020,10,20,잠원동,한신,84.52,13,56-3,,,,
11650,0,"26,962",2014,2020,10,20,내곡동,서초더샵포레,59.69,15,411,,,,
11650,0,"54,250",2013,2020,10,20,방배동,롯데캐슬아르떼,59.9742,4,424-28,,,,
11650,0,"115,000",2006,2020,10,18,방배동,롯데캐슬헤론,169.08,15,754-1,,,,
11650,0,"73,500",2014,2020,10,19,내곡동,서초더샵포레,101.85,17,411,,,,
11650,0,"115,000",2020,2020,10,17,서초동,래미안 리더스원,59.97,13,1755,,,,
11650,65,"40,000",1999,2020,10,12,방배동,방배1차현대홈타운,59.94,13,1344,,,,
11650,0,"54,250",2013,2020,10,20,방배동,롯데캐슬아르떼,59.9742,11,424-28,,,,
11650,0,"54,600",2016,2020,10,20,서초동,래미안서초에스티지,59.99,17,1332-13,,,,
11650,0,"78,750",1978,2020,10,19,잠원동,신반포2,107.31,10,73,,,,
11650,0,"39,000",2015,2020,10,20,내곡동,서초포레스타2단지,59.21,16,384,,,,
11650,0,"26,000",2002,2020,10,20,서초동,서초동삼성쉐르빌2,35.22,11,1330,,,,
11650,0,"26,962",2014,2020,10,20,내곡동,서초더샵포레,59.88,9,411,,,,
11650,263,"8,400",2018,2020,10,20,반포동,반포써밋,59.9207,6,1342,,,,
11650,0,"100,000",1984,2020,10,20,잠원동,신반포26,115.83,6,62-4,,,,
11650,150,"10,000",1978,2020,10,15,잠원동,신반포2,68.91,8,73,,,,
11650,0,"56,210",2016,2020,10,20,잠원동,래미안신반포팰리스,59.99,23,158,,,,
11650,0,"94,500",2013,2020,10,20,우면동,서초네이처힐3단지,114.79,8,717,,,,
11650,0,"40,000",1974,2020,10,20,반포동,에이아이디차관주택,72.51,4,968,,,,
11650,0,"131,000",2009,2020,10,17,반포동,반포자이,84.998,28,20-43,,,,
11650,0,"73,500",1995,2020,10,20,우면동,대림,130.89,15,57,,,,
11650,0,"38,250",2014,2020,10,20,내곡동,서초더샵포레,59.88,8,411,,,,
11650,160,0,2009,2020,10,20,반포동,반포자이,84.998,19,20-43,,,,
11650,75,"50,000",2009,2020,10,20,반포동,반포자이,84.998,19,20-43,,,,
11650,0,"26,962",2014,2020,10,20,내곡동,서초더샵포레,59.94,7,411,,,,
11650,0,"55,860",2009,2020,10,20,반포동,반포자이,59.98,18,20-43,,,,
11650,0,"54,250",2013,2020,10,20,방배동,롯데캐슬아르떼,59.9902,3,424-28,,,,
11650,0,"39,000",2015,2020,10,20,내곡동,서초포레스타2단지,59.21,10,384,,,,
11650,0,"69,087",2016,2020,10,19,반포동,아크로리버파크,59.98,8,2-12,,,,
11650,0,"56,210",2016,2020,10,20,잠원동,래미안신반포팰리스,59.99,14,158,,,,
11650,0,"56,210",2016,2020,10,19,잠원동,래미안신반포팰리스,59.99,2,158,,,,
11650,0,"45,000",2001,2020,10,9,반포동,반포두산힐스빌,47.7,2,54-5,,,,
11650,0,"30,000",2003,2020,10,19,방배동,모닝아트빌,107.71,1,976-15,,,,
11650,230,"40,000",2018,2020,10,19,반포동,반포써밋,59.3264,16,1342,,,,
11650,0,"57,700",1989,2020,10,17,잠원동,한신타운,63.94,3,60-4,,,,
11650,160,"70,000",2018,2020,10,17,반포동,반포래미안아이파크,84.93,5,1341,,,,
11650,0,"39,900",2018,2020,10,14,서초동,헤센파크힐,26.04,5,1633-4,,,,
11650,0,"55,000",1989,2020,10,10,반포동,반포미도2차아파트,71.49,14,60-5,,,,
11650,100,"1,000",2003,2020,10,7,서초동,대림서초리시온,29.76,11,1671-5,,,,
11650,0,"69,087",2016,2020,10,19,반포동,아크로리버파크,59.98,13,2-12,,,,
11650,0,"150,000",2006,2020,10,13,서초동,더샵서초,152.95,25,1445-14,,,,
11650,0,"60,900",1984,2020,10,19,잠원동,신반포25,84.49,2,61-1,,,,
11650,0,"110,000",2010,2020,10,19,반포동,반포리체,59.994,24,30-26,,,,
11650,0,"55,860",2009,2020,10,19,반포동,반포자이,59.98,28,20-43,,,,
11650,50,"72,000",2006,2020,10,16,방배동,쌍용예가클래식,155.4471,5,776-3,,,,
11650,0,"55,860",2009,2020,10,19,반포동,반포자이,59.98,11,20-43,,,,
11650,50,"65,000",2012,2020,10,15,우면동,서초힐스,84.95,7,773,,,,
11650,0,"79,000",2012,2020,10,17,우면동,서초힐스,84.96,23,773,,,,
11650,0,"85,000",2014,2020,10,7,내곡동,서초더샵포레,84.3,4,411,,,,
11650,0,"35,025",2014,2020,10,19,양재동,양재리본타워2단지,59.96,15,212,,,,
11650,0,"99,750",2005,2020,10,17,서초동,서초2차e-편한세상,123.118,10,1529,,,,
11650,230,"139,000",2009,2020,10,17,반포동,반포자이,132.439,29,20-43,,,,
11650,0,"50,000",1988,2020,10,17,방배동,방배임광3차,65.85,3,1010-1,,,,
11650,0,"22,000",2002,2020,10,18,서초동,서초동삼성쉐르빌2,35.22,10,1330,,,,
11650,0,"154,350",2016,2020,10,8,반포동,아크로리버파크,84.97,8,2-12,,,,
11650,0,"107,000",2004,2020,10,17,잠원동,롯데캐슬갤럭시(50-1),109.56,3,50-1,,,,
11650,0,"56,210",2016,2020,10,19,잠원동,래미안신반포팰리스,59.99,8,158,,,,
11650,0,"55,860",2009,2020,10,19,반포동,반포자이,59.971,23,20-43,,,,
11650,0,"75,000",1979,2020,10,17,서초동,진흥아파트,131.07,7,1315,,,,
11650,0,"52,500",1994,2020,10,17,반포동,엠브이아파트,59.82,10,46,,,,
11650,0,"70,350",2011,2020,10,10,우면동,서초네이처힐4단지,84.77,12,720,,,,
11650,0,"55,860",2009,2020,10,19,반포동,반포자이,59.98,21,20-43,,,,
11650,0,"145,000",2009,2020,10,17,반포동,반포자이,84.943,10,20-43,,,,
11650,0,"80,000",1987,2020,10,9,반포동,반포미도,84.96,15,60-4,,,,
11650,0,"79,000",2005,2020,10,17,서초동,서초2차e-편한세상,84.67,4,1529,,,,
11650,100,"7,000",1981,2020,10,17,방배동,삼익,89.62,1,1018-1,,,,
11650,0,"27,300",2003,2020,10,17,서초동,래미안서초유니빌,45.255,3,1445-4,,,,
11650,0,"47,250",1978,2020,10,17,잠원동,신반포2,79.42,3,73,,,,
11650,0,"83,500",2018,2020,10,17,반포동,반포써밋,59.3264,28,1342,,,,
11650,0,"55,860",2009,2020,10,20,반포동,반포자이,59.98,17,20-43,,,,
11650,220,"40,000",2018,2020,10,17,반포동,반포써밋,59.3264,27,1342,,,,
11650,0,"55,860",2009,2020,10,18,반포동,반포자이,59.98,5,20-43,,,,
11650,0,"55,860",2009,2020,10,16,반포동,반포자이,59.971,12,20-43,,,,
11650,0,"32,000",1974,2020,10,16,반포동,에이아이디차관주택,72.51,4,968,,,,
11650,0,"120,000",2018,2020,10,16,반포동,반포래미안아이파크,99.92,10,1341,,,,
11650,0,"58,000",1978,2020,10,16,서초동,신동아아파트(1차),140.72,1,1333,,,,
11650,0,"78,000",2006,2020,10,16,방배동,디오수페리움2,84.98,6,3001-1,,,,
11650,0,"110,000",1987,2020,10,12,반포동,한신서래,137.47,12,70-1,,,,
11650,30,"110,000",2017,2020,10,14,서초동,서초푸르지오써밋,74.93,18,1311-10,,,,
11650,0,"56,210",2016,2020,10,16,잠원동,래미안신반포팰리스,59.99,3,158,,,,
11650,0,"56,210",2016,2020,10,16,잠원동,래미안신반포팰리스,59.99,11,158,,,,
11650,0,"87,000",1995,2020,10,16,반포동,라인,100.98,3,70,,,,
11650,0,"26,250",2002,2020,10,7,양재동,신영체르니,32.08,4,90,,,,
11650,0,"55,860",2009,2020,10,16,반포동,반포자이,59.98,15,20-43,,,,
11650,0,"61,000",1987,2020,10,16,반포동,한신서래,64.53,8,70-1,,,,
11650,0,"39,000",2015,2020,10,16,내곡동,서초포레스타2단지,59.09,10,384,,,,
11650,0,"110,000",2020,2020,10,15,서초동,래미안 리더스원,59.97,20,1755,,,,
11650,0,"105,000",2010,2020,10,16,방배동,서리풀e편한세상,84.97,8,906-13,,,,
11650,15,"31,500",1975,2020,10,16,방배동,삼호1동~3동,80.33,12,770-1,,,,
11650,0,"35,025",2014,2020,10,16,양재동,양재리본타워2단지,59.77,15,212,,,,
11650,0,"54,600",2016,2020,10,16,서초동,래미안서초에스티지,59.99,4,1332-13,,,,
11650,0,"39,000",2015,2020,10,16,내곡동,서초포레스타2단지,59.09,10,384,,,,
11650,0,"56,210",2016,2020,10,16,잠원동,래미안신반포팰리스,59.99,17,158,,,,
11650,0,"56,210",2016,2020,10,16,잠원동,래미안신반포팰리스,59.99,3,158,,,,
11650,0,"56,210",2016,2020,10,16,잠원동,래미안신반포팰리스,59.99,21,158,,,,
11650,0,"39,000",2015,2020,10,16,내곡동,서초포레스타2단지,59.09,12,384,,,,
11650,190,"10,000",1996,2020,10,16,잠원동,한신타워,84.93,12,71-11,,,,
11650,0,"55,860",2009,2020,10,16,반포동,반포자이,59.98,2,20-43,,,,
11650,0,"54,250",2010,2020,10,16,반포동,반포리체,59.993,4,30-26,,,,
11650,0,"54,250",2010,2020,10,16,반포동,반포리체,59.994,4,30-26,,,,
11650,0,"55,860",2009,2020,10,16,반포동,반포자이,59.98,13,20-43,,,,
11650,0,"39,000",2015,2020,10,16,내곡동,서초포레스타2단지,59.21,6,384,,,,
11650,0,"56,210",2016,2020,10,16,잠원동,래미안신반포팰리스,59.99,5,158,,,,
11650,0,"26,200",2003,2020,10,13,서초동,서초대우아이빌,35.307,6,1675-11,,,,
11650,0,"55,860",2009,2020,10,16,반포동,반포자이,59.98,3,20-43,,,,
11650,0,"50,000",2004,2020,10,15,방배동,한신트리플,62.75,4,816-1,,,,
11650,0,"37,558",2014,2020,10,16,신원동,서초포레스타3단지,59.93,13,568,,,,
11650,0,"56,210",2016,2020,10,16,잠원동,래미안신반포팰리스,59.99,14,158,,,,
11650,0,"56,210",2016,2020,10,16,잠원동,래미안신반포팰리스,59.99,3,158,,,,
11650,0,"55,860",2009,2020,10,16,반포동,반포자이,59.971,19,20-43,,,,
11650,0,"35,025",2014,2020,10,16,양재동,양재리본타워2단지,59.96,24,212,,,,
11650,0,"105,000",2001,2020,10,6,서초동,서초한신,95.88,5,1454-29,,,,
11650,0,"55,860",2009,2020,10,20,반포동,반포자이,59.98,2,20-43,,,,
11650,0,"70,000",1989,2020,10,10,잠원동,한신타운,78.39,5,60-4,,,,
11650,0,"155,000",2018,2020,10,15,반포동,반포래미안아이파크,84.93,20,1341,,,,
11650,280,"20,000",2020,2020,10,15,서초동,래미안 리더스원,59.97,22,1755,,,,
11650,100,"30,000",1998,2020,10,15,서초동,우성아파트,59.93,5,1326-17,,,,
11650,350,"10,000",2001,2020,10,12,서초동,아이파크빌,179.28,1,1477-1,,,,
11650,170,"130,000",2009,2020,10,15,방배동,방배롯데캐슬로제,172.27,2,849-30,,,,
11650,105,"84,000",2009,2020,10,12,반포동,래미안퍼스티지,59.96,9,18-1,,,,
11650,0,"140,000",2010,2020,10,15,반포동,반포리체,84.967,35,30-26,,,,
11650,0,"94,500",2018,2020,10,14,잠원동,신반포자이,59.35,12,160,,,,
11650,0,"160,000",2019,2020,10,15,잠원동,래미안신반포리오센트,84.92,26,161,,,,
11650,0,"25,000",2002,2020,10,15,서초동,서초동삼성쉐르빌2,35.22,17,1330,,,,
11650,0,"90,000",2014,2020,10,15,신원동,서초포레스타5단지,84.84,9,579,,,,
11650,0,"84,000",2004,2020,10,7,서초동,풍림아이원(102동),117.13,4,1607-15,,,,
11650,0,"68,000",1991,2020,10,15,방배동,방배우성,117.19,4,2525,,,,
11650,0,"89,000",1999,2020,10,10,방배동,방배1차현대홈타운,84.96,18,1344,,,,
11650,255,"35,000",2020,2020,10,4,서초동,래미안 리더스원,74.9,3,1755,,,,
11650,95,500,2002,2020,10,6,서초동,서초동삼성쉐르빌2,35.22,9,1330,,,,
11650,0,"20,000",2014,2020,10,13,서초동,urbanplace,20.998,6,1337-3,,,,
11650,0,"90,000",1978,2020,10,14,잠원동,신반포2,135.97,10,73,,,,
11650,0,"40,400",2002,2020,10,13,서초동,서초동삼성쉐르빌2,52.83,14,1330,,,,
11650,0,"54,600",1979,2020,10,14,서초동,진흥아파트,101.32,6,1315,,,,
11650,75,"75,000",2013,2020,10,14,방배동,롯데캐슬아르떼,59.9742,16,424-28,,,,
11650,70,"177,000",2009,2020,10,8,반포동,래미안퍼스티지,198.04,18,18-1,,,,
11650,0,"80,000",2013,2020,10,14,우면동,서초호반써밋,101.0482,12,753,,,,
11650,330,"30,000",2020,2020,10,8,서초동,래미안 리더스원,84.94,25,1755,,,,
11650,0,"54,600",1989,2020,10,14,서초동,현대아파트,84.34,8,1346,,,,
11650,0,"90,000",1994,2020,10,10,잠원동,로즈빌,187.09,7,32-10,,,,
11650,0,"32,766",2014,2020,10,14,내곡동,서초더샵포레,84.81,8,411,,,,
11650,0,"45,000",1978,2020,10,13,잠원동,신반포2,79.42,3,73,,,,
11650,50,"25,000",1994,2020,10,12,우면동,코오롱,52.47,5,70,,,,
11650,139,"30,000",1993,2020,10,10,서초동,유원서초,84.82,3,1687,,,,
11650,0,"90,000",2002,2020,10,13,잠원동,동아,84.91,17,157,,,,
11650,0,"66,000",2020,2020,10,13,양재동,리시본하우스,58.583,3,15-11,신규,20.06~22.06,,
11650,0,"55,000",1991,2020,10,14,방배동,방배우성,80.2,5,2525,,,,
11650,200,"70,000",2006,2020,10,8,방배동,롯데캐슬헤론,124.27,12,754-1,,,,
11650,0,"37,000",1974,2020,10,13,반포동,에이아이디차관주택,72.51,4,968,,,,
11650,0,"140,000",2016,2020,10,10,잠원동,래미안신반포팰리스,84.46,23,158,,,,
11650,0,"87,150",1999,2020,10,10,잠원동,블루힐하우스,84.54,16,71-1,,,,
11650,173,"30,000",2018,2020,10,13,반포동,반포써밋,59.3264,19,1342,,,,
11650,40,"25,000",1974,2020,10,12,반포동,에이아이디차관주택,72.51,1,968,,,,
11650,0,"40,950",1994,2020,10,13,우면동,한라,59.98,5,67,,,,
11650,0,"10,000",2004,2020,10,12,서초동,리안하우스,130.76,5,1491-8,,,,
11650,160,"17,000",2002,2020,10,13,서초동,동원베네스트아파트,84.9,1,1350-13,,,,
11650,0,"68,000",2001,2020,10,9,서초동,서초태동스위트,98.39,4,1668-1,,,,
11650,0,"68,000",2002,2020,10,13,방배동,덕산럭스,152.34,2,460-1,,,,
11650,300,"10,000",2009,2020,10,13,반포동,반포자이,59.98,14,20-43,,,,
11650,0,"45,000",1994,2020,10,13,우면동,한라,59.98,2,67,,,,
11650,0,"63,000",1996,2020,10,7,잠원동,한신타워,59.81,7,71-11,,,,
11650,0,"95,000",2018,2020,10,12,방배동,방배아트자이,59.9938,2,3278,,,,
11650,0,"26,962",2014,2020,10,13,신원동,서초포레스타5단지,59.96,4,579,,,,
11650,20,"50,000",1996,2020,10,12,양재동,우성KBS(113동),84.69,10,160-2,,,,
11650,0,"31,500",2003,2020,10,12,서초동,래미안서초유니빌,45.254,14,1445-4,,,,
11650,0,"75,000",2001,2020,10,10,방배동,방배2차현대홈타운,59.86,14,2001,,,,
11650,0,"105,000",2002,2020,10,9,반포동,반포파크빌,111.41,4,3-3,,,,
11650,83,"1,000",2002,2020,10,12,서초동,서초동삼성쉐르빌2,35.22,3,1330,,,,
11650,95,"40,000",1993,2020,10,6,서초동,유원서초,84.82,16,1687,,,,
11650,0,"126,000",2018,2020,10,9,잠원동,아크로리버뷰신반포,78.48,32,159,,,,
11650,0,"75,000",2006,2020,10,12,서초동,극동스타클래스2,81.065,4,1615-10,,,,
11650,10,"98,000",2018,2020,10,7,반포동,반포래미안아이파크,84.93,17,1341,갱신,20.10~22.10,"98,000",
11650,0,"68,000",1992,2020,10,10,방배동,대우(효령),84.91,7,1038,,,,
11650,260,"15,000",2020,2020,10,5,서초동,래미안 리더스원,59.96,20,1755,,,,
11650,0,"105,000",2018,2020,10,5,반포동,반포래미안아이파크,84.93,9,1341,,,,
11650,0,"29,400",1988,2020,10,10,방배동,방배임광3차,44.61,7,1010-1,,,,
11650,0,"85,000",2020,2020,10,7,서초동,래미안 리더스원,84.93,14,1755,,,,
11650,0,"54,804",2009,2020,10,12,서초동,래미안서초스위트,59.9958,1,1301-6,,,,
11650,0,"115,000",2010,2020,10,12,서초동,서초교대e편한세상,84.97,12,1686-9,,,,
11650,0,"105,000",2010,2020,10,10,방배동,서리풀e편한세상,84.97,3,906-13,,,,
11650,0,"19,900",2015,2020,10,8,서초동,동아아파트,19.51,5,1344-7,,,,
11650,0,"68,000",2003,2020,10,9,서초동,서초예성그린캐슬,105.49,4,1667-2,,,,
11650,0,"59,500",2007,2020,10,9,서초동,서초한일유앤아이주상복합,84.7,12,1303-10,,,,
11650,0,"80,000",1992,2020,10,9,잠원동,한신로얄,81.05,6,63-34,,,,
11650,0,"70,000",1981,2020,10,10,방배동,신동아,105.86,13,988-1,,,,
11650,0,"73,500",1998,2020,10,10,잠원동,중앙하이츠,75.44,3,71-17,,,,
11650,0,"38,000",1978,2020,10,8,서초동,신동아아파트(1차),101.6,10,1333,,,,
11650,0,"64,000",1987,2020,10,9,반포동,반포미도,84.96,11,60-4,,,,
11650,0,"62,000",1987,2020,10,9,반포동,반포미도,84.96,4,60-4,,,,
11650,30,"53,000",1991,2020,10,8,양재동,우성,84.88,8,154-2,,,,
11650,0,"125,000",2016,2020,10,8,잠원동,래미안신반포팰리스,84.46,13,158,,,,
11650,0,"47,000",1994,2020,10,7,반포동,엠브이아파트,59.82,12,46,,,,
11650,0,"92,000",2020,2020,10,8,방배동,서리풀래디앙아파트,62.12,5,805-14,,,,
11650,0,"27,000",2002,2020,10,8,양재동,신영체르니,32.08,3,90,,,,
11650,0,"99,500",2000,2020,10,7,반포동,반포푸르지오,84.82,7,10,,,,
11650,0,"67,000",2014,2020,10,8,내곡동,서초더샵포레,84.81,4,411,,,,
11650,0,"105,000",1979,2020,10,8,잠원동,신반포4,137.1,11,70,,,,
11650,0,"95,000",2014,2020,10,8,내곡동,서초더샵포레,114.71,5,411,,,,
11650,0,"110,250",2018,2020,10,8,잠원동,신반포자이,84.97,5,160,,,,
11650,0,"105,000",2018,2020,10,8,반포동,반포래미안아이파크,84.93,24,1341,,,,
11650,53,"90,000",2016,2020,10,7,잠원동,래미안신반포팰리스,84.46,15,158,,,,
11650,10,"98,000",2018,2020,10,7,반포동,반포래미안아이파크,84.93,17,1341,갱신,20.10~22.10,"98,000",
11650,0,"110,000",2005,2020,10,7,서초동,서초5차e편한세상,158.24,8,1467-62,,,,
11650,0,"55,000",2004,2020,10,7,서초동,서초1차e-편한세상,130.53,9,1487-63,,,,
11650,39,"20,000",1983,2020,10,7,잠원동,신반포16,52.32,2,55-12,,,,
11650,80,"1,000",2012,2020,10,6,서초동,SUITEHILL,20.466,2,1622-9,,,,
11650,0,"58,000",1973,2020,10,7,반포동,반포주공1단지,107.47,1,757,,,,
11650,9,"85,000",1986,2020,10,7,반포동,삼호가든맨션(5차),142.11,5,30-1,,,,
11650,0,"71,400",2000,2020,10,7,반포동,반포푸르지오,58.88,12,10,,,,
11650,20,"70,000",2003,2020,10,5,서초동,서초에버빌,127.59,3,1364-37,,,,
11650,0,"35,000",1974,2020,10,6,반포동,에이아이디차관주택,72.51,3,968,,,,
11650,0,"115,000",2014,2020,10,7,서초동,서초롯데캐슬프레지던트,84.97,13,1681-8,,,,
11650,0,"165,000",2010,2020,10,6,반포동,반포리체,106.148,3,30-26,,,,
11650,73,"1,000",2002,2020,10,5,서초동,서초동삼성쉐르빌2,35.22,4,1330,,,,
11650,0,"27,825",1995,2020,10,6,서초동,서신,54.03,5,1488-9,,,,
11650,0,"100,000",2005,2020,10,6,방배동,브라운스톤효령아파트,121.269,3,981-40,,,,
11650,0,"70,000",1975,2020,10,6,방배동,삼호1동~3동,116.13,3,770-1,,,,
11650,90,"90,000",2016,2020,10,6,잠원동,래미안신반포팰리스,84.49,20,158,,,,
11650,0,"82,000",2011,2020,10,6,우면동,서초네이처힐4단지,84.84,7,720,,,,
11650,0,"65,000",2013,2020,10,6,우면동,호반써밋서초파크뷰,59.93,6,789,,,,
11650,0,"90,000",2014,2020,10,6,내곡동,서초더샵포레,114.71,12,411,,,,
11650,0,"21,000",2002,2020,10,5,서초동,서초동삼성쉐르빌2,35.22,9,1330,,,,
11650,0,"42,000",2001,2020,10,1,양재동,리치스,84.74,4,391-12,,,,
11650,0,"115,000",2009,2020,10,5,반포동,반포자이,59.98,14,20-43,,,,
11650,0,"26,000",1978,2020,10,5,서초동,신동아아파트(1차),86.61,10,1333,,,,
11650,0,"96,600",2009,2020,10,5,서초동,래미안서초스위트,84.9571,17,1301-6,,,,
11650,0,"90,000",2014,2020,10,5,서초동,서초롯데캐슬프레지던트,84.97,17,1681-8,,,,
11650,0,"40,700",1978,2020,10,5,잠원동,신반포2,68.91,8,73,,,,
11650,0,"170,000",2018,2020,10,5,반포동,반포래미안아이파크,112.95,27,1341,,,,
11650,0,"60,900",1979,2020,10,5,잠원동,신반포4,96.78,1,70,,,,
